"Year","Age0","Age1","Age2","Age3","Age4","Age5","Age6","Age7","Age8","Age9","Age10","Age11","Age12","Age13","Age14","Age15","Age16","Age17","Age18","Age19","Age20","Age21","Age22","Age23","Age24","Age25","Age26","Age27","Age28","Age29","Age30","Age31","Age32","Age33","Age34","Age35","Age36","Age37","Age38","Age39","Age40","Age41","Age42","Age43","Age44","Age45","Age46","Age47","Age48","Age49","Age50","Age51","Age52","Age53","Age54","Age55","Age56","Age57","Age58","Age59","Age60","Age61","Age62","Age63","Age64","Age65","Age66","Age67","Age68","Age69","Age70"
1875,418.051,368.986,325.683,287.462,253.727,223.95,197.668,174.471,153.995,135.923,119.972,105.892,93.4651,82.4964,72.8149,64.2696,56.7272,50.0699,44.1939,39.0074,34.4297,30.3891,26.8228,23.6749,20.8965,18.4442,16.2797,14.3691,12.6828,11.1944,9.88068,8.72112,7.69764,6.79427,5.99692,5.29314,4.67196,4.12368,3.63974,3.21259,2.83557,2.5028,2.20908,1.94983,1.72101,1.51903,1.34077,1.18342,1.04454,0.921954,0.813757,0.718257,0.633965,0.559565,0.493897,0.435935,0.384775,0.339619,0.299763,0.264584,0.233533,0.206127,0.181936,0.160585,0.141739,0.125105,0.110423,0.0974645,0.0860264,0.0759307,0.571079
1876,418.049,368.99,325.683,287.462,253.726,223.949,197.667,174.468,153.992,135.919,119.968,105.889,93.4617,82.4932,72.812,64.267,56.7248,50.0678,44.192,39.0058,34.4282,30.3878,26.8216,23.6739,20.8956,18.4434,16.2789,14.3685,12.6823,11.1939,9.88025,8.72074,7.6973,6.79398,5.99666,5.29291,4.67176,4.1235,3.63958,3.21245,2.83545,2.50269,2.20898,1.94975,1.72093,1.51897,1.34071,1.18337,1.04449,0.921914,0.813721,0.718226,0.633938,0.559541,0.493875,0.435916,0.384758,0.339605,0.29975,0.264572,0.233523,0.206118,0.181928,0.160578,0.141733,0.1251,0.110419,0.0974603,0.0860227,0.0759274,0.571054
1877,418.046,368.988,325.686,287.462,253.726,223.948,197.664,174.464,153.987,135.913,119.961,105.882,93.455,82.487,72.8063,64.2618,56.7202,50.0636,44.1883,39.0025,34.4253,30.3852,26.8193,23.6719,20.8938,18.4418,16.2775,14.3673,12.6812,11.193,9.87939,8.71998,7.69663,6.79339,5.99614,5.29245,4.67135,4.12314,3.63926,3.21217,2.8352,2.50247,2.20879,1.94958,1.72078,1.51884,1.34059,1.18326,1.0444,0.921834,0.813651,0.718164,0.633882,0.559492,0.493832,0.435878,0.384725,0.339575,0.299724,0.264549,0.233503,0.2061,0.181913,0.160564,0.141721,0.125089,0.110409,0.0974518,0.0860152,0.0759208,0.571004
1878,418.041,368.986,325.685,287.465,253.726,223.947,197.661,174.459,153.979,135.904,119.951,105.872,93.4454,82.4779,72.7979,64.2542,56.7133,50.0574,44.1828,38.9976,34.4209,30.3813,26.8159,23.6688,20.8911,18.4394,16.2754,14.3654,12.6795,11.1915,9.8781,8.71884,7.69563,6.7925,5.99536,5.29176,4.67074,4.1226,3.63879,3.21175,2.83483,2.50215,2.2085,1.94932,1.72056,1.51864,1.34042,1.18311,1.04426,0.921713,0.813544,0.71807,0.6338,0.559419,0.493768,0.435821,0.384675,0.339531,0.299685,0.264515,0.233472,0.206073,0.181889,0.160543,0.141702,0.125073,0.110395,0.097439,0.0860039,0.0759108,0.57093
1879,418.035,368.981,325.683,287.464,253.728,223.946,197.658,174.454,153.972,135.894,119.94,105.86,93.4333,82.4663,72.787,64.2442,56.7042,50.0493,44.1754,38.991,34.4151,30.3762,26.8113,23.6648,20.8876,18.4362,16.2726,14.3629,12.6773,11.1896,9.87639,8.71733,7.69429,6.79132,5.99431,5.29084,4.66993,4.12188,3.63815,3.21119,2.83434,2.50171,2.20812,1.94898,1.72026,1.51837,1.34018,1.1829,1.04408,0.921553,0.813403,0.717945,0.633689,0.559322,0.493682,0.435745,0.384608,0.339472,0.299632,0.264469,0.233432,0.206037,0.181857,0.160515,0.141678,0.125051,0.110375,0.0974221,0.085989,0.0758976,0.57083
1880,418.028,368.976,325.679,287.461,253.726,223.946,197.655,174.448,153.964,135.884,119.928,105.846,93.4192,82.4524,72.7739,64.232,56.693,50.0392,44.1664,38.9829,34.4079,30.3698,26.8056,23.6597,20.8831,18.4323,16.2691,14.3598,12.6746,11.1871,9.87425,8.71544,7.69262,6.78984,5.99301,5.28969,4.66891,4.12098,3.63736,3.21049,2.83372,2.50117,2.20764,1.94856,1.71988,1.51804,1.33989,1.18265,1.04386,0.921352,0.813226,0.717788,0.633551,0.5592,0.493574,0.43565,0.384524,0.339398,0.299567,0.264411,0.233381,0.205992,0.181818,0.16048,0.141647,0.125024,0.110351,0.0974009,0.0859702,0.0758811,0.570706
1881,418.02,368.97,325.675,287.458,253.724,223.944,197.654,174.443,153.956,135.873,119.915,105.831,93.4036,82.4368,72.7587,64.2177,56.6799,50.0272,44.1556,38.9733,34.3992,30.3621,26.7988,23.6537,20.8777,18.4275,16.2649,14.3561,12.6713,11.1842,9.87168,8.71317,7.69062,6.78807,5.99144,5.28831,4.66769,4.11991,3.63641,3.20965,2.83298,2.50051,2.20706,1.94805,1.71943,1.51765,1.33954,1.18234,1.04358,0.921111,0.813013,0.717601,0.633386,0.559054,0.493445,0.435536,0.384423,0.339309,0.299489,0.264342,0.23332,0.205938,0.18177,0.160438,0.14161,0.124991,0.110322,0.0973754,0.0859478,0.0758613,0.570557
1882,418.011,368.963,325.669,287.454,253.721,223.941,197.65,174.439,153.948,135.863,119.901,105.816,93.3872,82.4199,72.742,64.2018,56.665,50.0135,44.1432,38.9621,34.3892,30.3532,26.7909,23.6467,20.8715,18.422,16.26,14.3518,12.6675,11.1808,9.86869,8.71052,7.68828,6.78601,5.98962,5.2867,4.66627,4.11865,3.6353,3.20868,2.83212,2.49975,2.20639,1.94745,1.71891,1.51718,1.33913,1.18198,1.04326,0.92083,0.812765,0.717382,0.633193,0.558883,0.493295,0.435404,0.384306,0.339205,0.299398,0.264261,0.233249,0.205875,0.181715,0.160389,0.141567,0.124953,0.110289,0.0973457,0.0859216,0.0758381,0.570383
1883,418,368.954,325.662,287.449,253.717,223.938,197.646,174.434,153.941,135.852,119.888,105.801,93.3705,82.4022,72.7242,64.1844,56.6486,49.9983,44.1293,38.9495,34.3779,30.3431,26.7818,23.6386,20.8644,18.4157,16.2544,14.3468,12.6631,11.177,9.86527,8.7075,7.68561,6.78365,5.98754,5.28486,4.66465,4.11722,3.63404,3.20756,2.83113,2.49888,2.20562,1.94678,1.71831,1.51665,1.33867,1.18156,1.0429,0.92051,0.812482,0.717132,0.632972,0.558689,0.493123,0.435252,0.384172,0.339087,0.299293,0.264169,0.233167,0.205804,0.181651,0.160333,0.141517,0.124909,0.11025,0.0973118,0.0858916,0.0758117,0.570184
1884,417.989,368.945,325.655,287.443,253.712,223.933,197.641,174.427,153.933,135.842,119.875,105.786,93.3535,82.3842,72.7058,64.1661,56.6309,49.9817,44.1139,38.9355,34.3653,30.3318,26.7718,23.6297,20.8564,18.4086,16.2482,14.3413,12.6582,11.1726,9.86143,8.70411,7.68261,6.781,5.9852,5.28279,4.66282,4.11561,3.63261,3.2063,2.83002,2.4979,2.20476,1.94601,1.71764,1.51606,1.33814,1.1811,1.04249,0.920149,0.812163,0.716851,0.632724,0.55847,0.49293,0.435081,0.384022,0.338954,0.299176,0.264066,0.233076,0.205723,0.18158,0.16027,0.141462,0.12486,0.110207,0.0972736,0.0858579,0.075782,0.56996
1885,417.977,368.935,325.647,287.437,253.707,223.928,197.635,174.42,153.924,135.831,119.863,105.77,93.3366,82.3661,72.687,64.1472,56.6124,49.964,44.0974,38.9204,34.3516,30.3194,26.7607,23.6198,20.8476,18.4008,16.2412,14.3351,12.6528,11.1678,9.85717,8.70034,7.67928,6.77806,5.9826,5.2805,4.66079,4.11382,3.63103,3.20491,2.82879,2.49681,2.20379,1.94517,1.71689,1.5154,1.33756,1.18059,1.04204,0.919748,0.811809,0.716538,0.632448,0.558226,0.492715,0.434892,0.383854,0.338807,0.299045,0.263951,0.232974,0.205633,0.181501,0.160201,0.1414,0.124806,0.110159,0.0972312,0.0858205,0.0757489,0.569712
1886,417.964,368.924,325.638,287.43,253.701,223.922,197.629,174.412,153.914,135.819,119.849,105.756,93.3196,82.348,72.6681,64.128,56.5934,49.9456,44.08,38.9042,34.3367,30.3059,26.7486,23.6089,20.8379,18.3922,16.2336,14.3284,12.6468,11.1625,9.85249,8.6962,7.67562,6.77482,5.97974,5.27797,4.65856,4.11185,3.62929,3.20337,2.82743,2.49561,2.20274,1.94423,1.71606,1.51467,1.33692,1.18002,1.04154,0.919307,0.81142,0.716195,0.632145,0.557959,0.492479,0.434683,0.38367,0.338644,0.298902,0.263824,0.232863,0.205535,0.181414,0.160124,0.141332,0.124746,0.110106,0.0971846,0.0857794,0.0757126,0.569439
1887,417.95,368.913,325.629,287.422,253.694,223.916,197.622,174.404,153.904,135.807,119.835,105.74,93.3035,82.3298,72.6492,64.1087,56.5741,49.9267,44.0619,38.8871,34.3209,30.2915,26.7355,23.5972,20.8275,18.3829,16.2254,14.321,12.6403,11.1568,9.84739,8.69169,7.67164,6.7713,5.97663,5.27522,4.65613,4.1097,3.6274,3.2017,2.82595,2.49431,2.20159,1.94322,1.71517,1.51388,1.33622,1.1794,1.04099,0.918826,0.810996,0.71582,0.631814,0.557667,0.492221,0.434456,0.383469,0.338467,0.298746,0.263686,0.232741,0.205427,0.181319,0.16004,0.141258,0.124681,0.110049,0.0971338,0.0857345,0.075673,0.569141
1888,417.936,368.901,325.619,287.413,253.687,223.909,197.615,174.395,153.893,135.795,119.821,105.724,93.2862,82.3124,72.6303,64.0894,56.5547,49.9076,44.0434,38.8695,34.3044,30.2763,26.7217,23.5847,20.8163,18.3729,16.2164,14.3131,12.6332,11.1505,9.84188,8.68682,7.66732,6.76748,5.97326,5.27224,4.6535,4.10737,3.62534,3.19988,2.82435,2.4929,2.20034,1.94211,1.71419,1.51302,1.33546,1.17873,1.0404,0.918305,0.810536,0.715414,0.631456,0.55735,0.491942,0.434209,0.383252,0.338275,0.298576,0.263536,0.232609,0.205311,0.181216,0.159949,0.141178,0.12461,0.109986,0.0970787,0.0856859,0.0756301,0.568818
1889,417.921,368.888,325.608,287.404,253.679,223.902,197.607,174.386,153.882,135.782,119.806,105.708,93.2686,82.294,72.612,64.0701,56.5354,49.8885,44.0246,38.8515,34.2874,30.2604,26.7071,23.5715,20.8043,18.3622,16.2069,14.3046,12.6257,11.1439,9.83596,8.68157,7.66268,6.76338,5.96963,5.26904,4.65067,4.10487,3.62313,3.19793,2.82263,2.49138,2.199,1.94093,1.71315,1.5121,1.33464,1.17801,1.03977,0.917744,0.810041,0.714977,0.63107,0.55701,0.491641,0.433944,0.383018,0.338068,0.298394,0.263375,0.232467,0.205185,0.181105,0.159852,0.141092,0.124534,0.109919,0.0970194,0.0856335,0.0755839,0.568471
1890,417.906,368.875,325.597,287.395,253.671,223.894,197.598,174.376,153.871,135.768,119.79,105.691,93.2506,82.2752,72.5928,64.0514,56.516,49.8693,44.0059,38.8333,34.2701,30.2441,26.692,23.5576,20.7917,18.3509,16.1968,14.2956,12.6177,11.1367,9.82963,8.67597,7.65772,6.759,5.96575,5.26561,4.64764,4.1022,3.62077,3.19584,2.82079,2.48975,2.19756,1.93966,1.71203,1.51111,1.33377,1.17724,1.03909,0.917143,0.80951,0.714509,0.630657,0.556645,0.491319,0.43366,0.382767,0.337847,0.298199,0.263203,0.232314,0.205051,0.180987,0.159747,0.141,0.124452,0.109847,0.0969559,0.0855775,0.0755344,0.568098
1891,417.89,368.862,325.585,287.385,253.662,223.886,197.59,174.366,153.859,135.754,119.775,105.674,93.2322,82.2561,72.5733,64.0318,56.4971,49.8501,43.9871,38.8151,34.2526,30.2275,26.6764,23.5432,20.7786,18.339,16.1861,14.286,12.6091,11.1291,9.82291,8.67001,7.65245,6.75432,5.96162,5.26196,4.64441,4.09934,3.61825,3.19362,2.81882,2.48801,2.19602,1.93831,1.71083,1.51005,1.33284,1.17642,1.03836,0.916503,0.808945,0.71401,0.630217,0.556257,0.490976,0.433357,0.3825,0.337611,0.29799,0.263019,0.232152,0.204908,0.18086,0.159635,0.140901,0.124365,0.10977,0.0968881,0.0855177,0.0754816,0.567702
1892,417.873,368.848,325.573,287.375,253.653,223.877,197.581,174.356,153.847,135.74,119.759,105.656,93.2136,82.2367,72.5536,64.012,56.4775,49.8313,43.9683,38.7969,34.235,30.2108,26.6606,23.5285,20.765,18.3266,16.1749,14.276,12.6002,11.1211,9.81579,8.6637,7.64685,6.74937,5.95724,5.25808,4.64099,4.09632,3.61557,3.19125,2.81673,2.48617,2.1944,1.93687,1.70956,1.50893,1.33185,1.17555,1.03759,0.915822,0.808345,0.71348,0.629749,0.555844,0.490612,0.433035,0.382216,0.33736,0.297769,0.262824,0.23198,0.204756,0.180726,0.159517,0.140796,0.124273,0.109689,0.0968162,0.0854542,0.0754256,0.56728
1893,417.857,368.833,325.561,287.364,253.644,223.868,197.571,174.345,153.834,135.726,119.743,105.639,93.1947,82.2171,72.5336,63.992,56.4577,49.8119,43.9499,38.7786,34.2175,30.194,26.6447,23.5135,20.7511,18.3138,16.1632,14.2655,12.5907,11.1127,9.8083,8.65704,7.64095,6.74414,5.95261,5.25399,4.63736,4.09312,3.61275,3.18875,2.81453,2.48422,2.19267,1.93535,1.70822,1.50775,1.3308,1.17462,1.03677,0.915102,0.807709,0.712919,0.629253,0.555406,0.490226,0.432695,0.381915,0.337095,0.297535,0.262617,0.231797,0.204594,0.180584,0.159391,0.140686,0.124175,0.109603,0.09674,0.085387,0.0753663,0.566834
1894,417.843,368.819,325.548,287.353,253.634,223.861,197.565,174.34,153.828,135.719,119.734,105.628,93.1826,82.2037,72.5192,63.977,56.4424,49.7966,43.9346,38.7641,34.2029,30.1798,26.6311,23.5005,20.7388,18.3024,16.1527,14.2558,12.582,11.1049,9.80131,8.65081,7.63541,6.73923,5.94826,5.25013,4.63396,4.0901,3.61008,3.1864,2.81244,2.48238,2.19105,1.93391,1.70695,1.50663,1.32982,1.17375,1.03601,0.914423,0.80711,0.71239,0.628786,0.554994,0.489862,0.432374,0.381632,0.336845,0.297314,0.262422,0.231625,0.204443,0.18045,0.159273,0.140581,0.124083,0.109521,0.0966682,0.0853236,0.0753103,0.566413
1895,417.832,368.806,325.535,287.342,253.625,223.854,197.56,174.337,153.827,135.717,119.731,105.624,93.1766,82.1961,72.5103,63.9669,56.4315,49.7852,43.9229,38.7523,34.1915,30.1682,26.6197,23.4895,20.7282,18.2923,16.1432,14.2471,12.5741,11.0977,9.79484,8.64503,7.63026,6.73465,5.94419,5.24653,4.63076,4.08728,3.60758,3.18419,2.81049,2.48065,2.18953,1.93257,1.70576,1.50558,1.32889,1.17293,1.03528,0.913785,0.806546,0.711893,0.628347,0.554607,0.48952,0.432072,0.381365,0.33661,0.297106,0.262239,0.231464,0.2043,0.180324,0.159162,0.140483,0.123997,0.109445,0.0966007,0.085264,0.0752577,0.566017
1896,417.823,368.796,325.524,287.331,253.616,223.847,197.556,174.335,153.828,135.719,119.733,105.625,93.1764,82.1941,72.5065,63.9617,56.425,49.7777,43.9148,38.7436,34.1826,30.1595,26.6106,23.4805,20.7194,18.2838,16.1351,14.2395,12.5669,11.0912,9.78892,8.6397,7.62549,6.7304,5.94041,5.24317,4.62778,4.08464,3.60525,3.18213,2.80867,2.47904,2.1881,1.93131,1.70465,1.5046,1.32802,1.17217,1.03461,0.913187,0.806019,0.711427,0.627936,0.554244,0.4892,0.431789,0.381116,0.336389,0.296912,0.262067,0.231312,0.204166,0.180206,0.159058,0.140391,0.123915,0.109373,0.0965375,0.0852082,0.0752085,0.565647
1897,417.817,368.789,325.516,287.321,253.606,223.839,197.551,174.334,153.829,135.723,119.738,105.63,93.1804,82.1966,72.5072,63.9605,56.4223,49.7736,43.9097,38.7378,34.1761,30.1527,26.6039,23.4734,20.7123,18.2767,16.1282,14.2328,12.5606,11.0853,9.78352,8.6348,7.62107,6.72643,5.93687,5.24002,4.62499,4.08216,3.60305,3.18018,2.80695,2.47752,2.18676,1.93012,1.7036,1.50367,1.3272,1.17144,1.03397,0.912623,0.805521,0.710987,0.627548,0.553901,0.488897,0.431522,0.38088,0.336181,0.296728,0.261905,0.231169,0.20404,0.180095,0.158959,0.140304,0.123839,0.109306,0.0964778,0.0851555,0.075162,0.565297
1898,417.812,368.783,325.509,287.314,253.598,223.831,197.546,174.332,153.83,135.727,119.745,105.638,93.1878,82.2028,72.5117,63.9633,56.4232,49.773,43.9077,38.7347,34.1722,30.1481,26.5989,23.4683,20.7067,18.271,16.1225,14.2272,12.5552,11.0801,9.77869,8.63035,7.61702,6.72278,5.93359,5.23709,4.62238,4.07984,3.601,3.17836,2.80534,2.47609,2.18549,1.929,1.70262,1.5028,1.32643,1.17076,1.03337,0.912093,0.805053,0.710574,0.627183,0.553579,0.488613,0.431271,0.380659,0.335986,0.296556,0.261753,0.231035,0.203921,0.17999,0.158867,0.140223,0.123767,0.109242,0.0964217,0.085106,0.0751183,0.564969
1899,417.81,368.779,325.504,287.308,253.591,223.825,197.541,174.329,153.831,135.732,119.752,105.647,93.1974,82.2119,72.5196,63.9695,56.4276,49.7756,43.9087,38.7343,34.1707,30.1457,26.5958,23.4647,20.7029,18.2668,16.118,14.2227,12.5507,11.0757,9.77449,8.6264,7.61337,6.71945,5.93058,5.23439,4.61997,4.07769,3.59909,3.17667,2.80383,2.47476,2.18432,1.92796,1.70169,1.50198,1.32571,1.17013,1.0328,0.911597,0.804614,0.710187,0.626842,0.553278,0.488347,0.431036,0.380451,0.335803,0.296394,0.26161,0.230909,0.20381,0.179892,0.15878,0.140146,0.123699,0.109182,0.0963691,0.0850596,0.0750773,0.564661
1900,417.809,368.777,325.501,287.303,253.586,223.82,197.536,174.327,153.832,135.736,119.759,105.656,93.2081,82.223,72.5301,63.9786,56.435,49.7812,43.9125,38.7365,34.1716,30.1455,26.5946,23.4628,20.7005,18.2641,16.1149,14.2193,12.5472,11.0722,9.77098,8.62301,7.61017,6.71648,5.92786,5.23193,4.61776,4.07571,3.59732,3.17509,2.80244,2.47353,2.18322,1.92699,1.70084,1.50123,1.32504,1.16954,1.03228,0.911135,0.804206,0.709827,0.626523,0.552996,0.488099,0.430817,0.380258,0.335632,0.296243,0.261477,0.230791,0.203706,0.1798,0.158699,0.140075,0.123636,0.109127,0.0963201,0.0850163,0.0750391,0.564373
1901,417.807,368.777,325.499,287.3,253.582,223.814,197.53,174.32,153.826,135.732,119.758,105.657,93.212,82.2285,72.5363,63.9846,56.4402,49.7851,43.9151,38.7379,34.1717,30.1446,26.593,23.4605,20.6977,18.261,16.1117,14.2157,12.5435,11.0685,9.76731,8.61944,7.60676,6.71329,5.92492,5.22925,4.61533,4.07354,3.59538,3.17337,2.8009,2.47216,2.18201,1.92592,1.69989,1.50039,1.3243,1.16888,1.0317,0.910624,0.803755,0.709428,0.626171,0.552686,0.487824,0.430575,0.380044,0.335443,0.296077,0.26133,0.230661,0.203592,0.179699,0.15861,0.139996,0.123567,0.109065,0.0962659,0.0849685,0.0749969,0.564056
1902,417.803,368.774,325.498,287.299,253.579,223.809,197.523,174.311,153.815,135.721,119.75,105.652,93.209,82.228,72.5376,63.9869,56.4426,49.7871,43.9163,38.7381,34.1711,30.1432,26.5908,23.4578,20.6946,18.2576,16.1081,14.2121,12.5397,11.0647,9.76352,8.61574,7.60321,6.70992,5.92179,5.22637,4.61272,4.07118,3.59327,3.17148,2.79922,2.47067,2.18069,1.92475,1.69885,1.49947,1.32349,1.16817,1.03107,0.910064,0.80326,0.708991,0.625786,0.552345,0.487523,0.430309,0.37981,0.335236,0.295894,0.261169,0.230519,0.203466,0.179588,0.158512,0.13991,0.123491,0.108998,0.0962065,0.0849161,0.0749506,0.563708
1903,417.797,368.771,325.496,287.298,253.577,223.806,197.516,174.301,153.803,135.708,119.736,105.64,93.1998,82.2215,72.5336,63.9848,56.4417,49.7867,43.9158,38.7372,34.1695,30.141,26.5881,23.4547,20.6911,18.2538,16.1042,14.2082,12.5359,11.0607,9.75961,8.61193,7.59953,6.70642,5.9185,5.22332,4.60993,4.06865,3.59099,3.16945,2.79741,2.46906,2.17926,1.92348,1.69773,1.49848,1.32261,1.16739,1.03038,0.909456,0.802723,0.708517,0.625367,0.551975,0.487197,0.430021,0.379555,0.335011,0.295696,0.260994,0.230364,0.20333,0.179468,0.158406,0.139816,0.123408,0.108925,0.0961419,0.0848591,0.0749003,0.563329
1904,417.789,368.766,325.493,287.296,253.576,223.803,197.511,174.292,153.791,135.693,119.719,105.623,93.1852,82.2094,72.5242,63.978,56.4369,49.7833,43.9131,38.7346,34.1669,30.1381,26.5848,23.451,20.6872,18.2498,16.1,14.204,12.5317,11.0567,9.75559,8.60802,7.59576,6.70282,5.91509,5.22014,4.60699,4.06597,3.58857,3.16727,2.79546,2.46732,2.17772,1.92211,1.69652,1.4974,1.32166,1.16655,1.02964,0.9088,0.802144,0.708005,0.624914,0.551576,0.486844,0.429709,0.37928,0.334769,0.295481,0.260805,0.230197,0.203182,0.179337,0.158291,0.139715,0.123318,0.108846,0.0960722,0.0847975,0.074846,0.562921
1905,417.78,368.759,325.489,287.293,253.574,223.801,197.506,174.284,153.779,135.677,119.701,105.604,93.1663,82.1926,72.51,63.9665,56.428,49.7765,43.9078,38.7302,34.1628,30.1341,26.5807,23.4468,20.6829,18.2453,16.0956,14.1996,12.5273,11.0524,9.75154,8.60401,7.5919,6.69913,5.91159,5.21685,4.60393,4.06316,3.58601,3.16496,2.79339,2.46547,2.17607,1.92065,1.69522,1.49625,1.32064,1.16565,1.02884,0.908096,0.801522,0.707455,0.624429,0.551147,0.486465,0.429375,0.378984,0.334508,0.295251,0.260601,0.230018,0.203024,0.179198,0.158168,0.139606,0.123222,0.108761,0.0959973,0.0847314,0.0747876,0.562482
1906,417.77,368.751,325.483,287.289,253.571,223.798,197.502,174.276,153.767,135.662,119.683,105.584,93.1451,82.172,72.4915,63.9507,56.415,49.7661,43.8995,38.7235,34.1571,30.1289,26.5758,23.442,20.6781,18.2406,16.0908,14.1949,12.5227,11.048,9.74725,8.59998,7.58795,6.69536,5.90802,5.21348,4.60078,4.06025,3.58334,3.16253,2.7912,2.46351,2.17432,1.91909,1.69384,1.49503,1.31956,1.16469,1.02799,0.907345,0.800858,0.706868,0.62391,0.550689,0.486061,0.429018,0.378669,0.334229,0.295005,0.260384,0.229826,0.202855,0.179048,0.158036,0.139489,0.123119,0.108671,0.0959173,0.0846608,0.0747253,0.562013
1907,417.758,368.742,325.476,287.284,253.567,223.794,197.497,174.269,153.756,135.647,119.665,105.563,93.1228,82.1494,72.4698,63.9313,56.3982,49.752,43.888,38.7142,34.1494,30.1223,26.5699,23.4364,20.6728,18.2354,16.0857,14.1899,12.518,11.0434,9.74281,8.59573,7.58399,6.69152,5.90438,5.21005,4.59757,4.05725,3.58057,3.16001,2.78891,2.46145,2.17248,1.91745,1.69237,1.49373,1.31841,1.16367,1.02709,0.906547,0.800152,0.706245,0.62336,0.550202,0.485631,0.428638,0.378334,0.333933,0.294744,0.260154,0.229623,0.202675,0.17889,0.157896,0.139366,0.12301,0.108574,0.0958323,0.0845857,0.0746591,0.561515
1908,417.745,368.732,325.468,287.278,253.562,223.789,197.491,174.262,153.746,135.633,119.647,105.543,93.1003,82.1258,72.4464,63.9089,56.3782,49.7347,43.8734,38.702,34.1394,30.1139,26.5626,23.4299,20.6668,18.2297,16.0803,14.1847,12.5129,11.0385,9.7382,8.59135,7.57984,6.68767,5.90068,5.20656,4.5943,4.0542,3.57774,3.1574,2.78654,2.4593,2.17054,1.91572,1.69083,1.49236,1.31719,1.16259,1.02614,0.905703,0.799406,0.705585,0.622776,0.549687,0.485176,0.428236,0.377979,0.33362,0.294467,0.259909,0.229407,0.202484,0.178721,0.157747,0.139235,0.122895,0.108472,0.0957422,0.0845062,0.0745888,0.560987
1909,417.731,368.72,325.458,287.27,253.556,223.784,197.485,174.254,153.736,135.62,119.63,105.523,93.0781,82.102,72.422,63.885,56.3556,49.7145,43.8558,38.6871,34.1269,30.1035,26.5538,23.4223,20.6599,18.2234,16.0744,14.1791,12.5076,11.0335,9.73342,8.58682,7.57556,6.68365,5.89696,5.20302,4.59097,4.0511,3.57485,3.15473,2.78409,2.45707,2.16853,1.91391,1.68922,1.49092,1.31591,1.16145,1.02513,0.904813,0.798618,0.704889,0.622161,0.549143,0.484695,0.427811,0.377604,0.333289,0.294175,0.259651,0.229179,0.202283,0.178544,0.157591,0.139096,0.122772,0.108364,0.095647,0.0844222,0.0745147,0.560429
1910,417.713,368.708,325.448,287.262,253.549,223.776,197.475,174.24,153.719,135.6,119.608,105.497,93.0506,82.0733,72.3928,63.8561,56.3279,49.6886,43.8327,38.6669,34.1096,30.0888,26.5414,23.4117,20.6507,18.2151,16.0669,14.1722,12.5012,11.0275,9.72777,8.58154,7.57063,6.67905,5.89268,5.19909,4.58728,4.04766,3.57167,3.15179,2.78139,2.45461,2.16629,1.9119,1.68741,1.48931,1.31448,1.16018,1.024,0.903813,0.797734,0.704106,0.621469,0.548532,0.484155,0.427334,0.377182,0.332917,0.293846,0.259361,0.228923,0.202057,0.178344,0.157414,0.138941,0.122635,0.108243,0.0955399,0.0843277,0.0744313,0.559802
1911,417.692,368.692,325.437,287.253,253.541,223.767,197.463,174.224,153.698,135.575,119.579,105.467,93.0184,82.0401,72.3592,63.8229,56.2957,49.6582,43.8046,38.6418,34.0876,30.0698,26.5251,23.3978,20.6387,18.2047,16.0576,14.1638,12.4935,11.0204,9.72124,8.57549,7.56502,6.67386,5.88789,5.19467,4.58324,4.04389,3.5682,3.14859,2.77845,2.45192,2.16385,1.90969,1.68542,1.48753,1.31289,1.15877,1.02275,0.902705,0.796752,0.703238,0.620702,0.547853,0.483556,0.426805,0.376715,0.332503,0.293481,0.259039,0.228638,0.201806,0.178122,0.157218,0.138768,0.122482,0.108108,0.0954211,0.0842228,0.0743387,0.559105
1912,417.668,368.673,325.424,287.243,253.532,223.757,197.449,174.205,153.674,135.545,119.546,105.431,92.9817,82.0025,72.3216,63.7858,56.2597,49.6238,43.7724,38.6123,34.0613,30.0467,26.5051,23.3806,20.6239,18.1919,16.0464,14.1538,12.4845,11.0122,9.71379,8.56865,7.55874,6.66808,5.88258,5.18979,4.57877,4.03983,3.56443,3.14514,2.77528,2.44902,2.16121,1.90729,1.68326,1.48559,1.31116,1.15723,1.02138,0.901489,0.795676,0.702285,0.619859,0.547108,0.482897,0.426223,0.376201,0.332049,0.29308,0.258684,0.228326,0.20153,0.177879,0.157003,0.138578,0.122315,0.10796,0.0952904,0.0841075,0.0742369,0.558339
1913,417.64,368.652,325.407,287.231,253.522,223.746,197.435,174.186,153.648,135.514,119.51,105.392,92.9406,81.9611,72.2802,63.7452,56.2204,49.5861,43.7369,38.5793,34.0311,30.0198,26.4815,23.36,20.6062,18.1766,16.0331,14.1422,12.4742,11.003,9.70539,8.56101,7.55177,6.66171,5.87675,5.18446,4.57389,4.03538,3.5604,3.14142,2.77188,2.44592,2.15838,1.90472,1.68094,1.4835,1.30929,1.15556,1.01989,0.900168,0.794504,0.701248,0.618941,0.546297,0.48218,0.425589,0.37564,0.331555,0.292643,0.258299,0.227985,0.201229,0.177613,0.156769,0.138371,0.122132,0.107799,0.095148,0.0839818,0.0741259,0.557505
1914,417.61,368.628,325.388,287.216,253.51,223.735,197.421,174.166,153.621,135.48,119.471,105.349,92.8958,81.9157,72.2354,63.7012,56.1778,49.5455,43.6983,38.5432,33.9978,29.9895,26.4545,23.3363,20.5855,18.1587,16.0176,14.1287,12.4624,10.9925,9.696,8.55254,7.54409,6.65473,5.87039,5.17867,4.56862,4.03058,3.55603,3.13747,2.76826,2.44262,2.15538,1.902,1.67847,1.48127,1.30728,1.15376,1.01829,0.898744,0.79324,0.700128,0.617949,0.545419,0.481404,0.424903,0.375035,0.331019,0.29217,0.257881,0.227616,0.200903,0.177326,0.156515,0.138147,0.121934,0.107624,0.0949939,0.0838457,0.0740058,0.556601
1915,417.577,368.601,325.367,287.199,253.496,223.722,197.406,174.145,153.594,135.446,119.431,105.304,92.8482,81.8671,72.1871,63.6542,56.1324,49.502,43.6572,38.5045,33.9618,29.9565,26.4245,23.3096,20.562,18.1382,15.9999,14.1133,12.4489,10.9807,9.68553,8.54318,7.53567,6.64712,5.8635,5.17242,4.56294,4.02542,3.55135,3.13323,2.76444,2.43912,2.1522,1.89911,1.67585,1.4789,1.30515,1.15185,1.01658,0.89722,0.791885,0.698926,0.616884,0.544476,0.48057,0.424166,0.374383,0.330444,0.291662,0.257432,0.22722,0.200553,0.177016,0.156242,0.137906,0.121721,0.107436,0.094828,0.0836993,0.0738766,0.555629
1916,417.542,368.572,325.343,287.18,253.48,223.706,197.389,174.124,153.566,135.412,119.39,105.258,92.7988,81.816,72.1359,63.6041,56.0843,49.456,43.6135,38.4635,33.9235,29.921,26.3921,23.2803,20.536,18.1152,15.9798,14.0959,12.4338,10.9675,9.67391,8.53288,7.52648,6.63887,5.85606,5.1657,4.55686,4.01991,3.54636,3.12871,2.76035,2.43544,2.14884,1.89607,1.6731,1.47641,1.3029,1.14982,1.01477,0.895599,0.790442,0.697644,0.615747,0.543469,0.479679,0.423378,0.373686,0.329828,0.291118,0.256951,0.226795,0.200178,0.176685,0.15595,0.137648,0.121494,0.107235,0.0946505,0.0835426,0.0737383,0.554589
1917,417.5,368.541,325.317,287.159,253.461,223.687,197.365,174.094,153.528,135.366,119.338,105.201,92.7382,81.7539,72.074,63.5438,56.0265,49.4014,43.5622,38.4155,33.8789,29.8798,26.3542,23.2459,20.5049,18.0877,15.9555,14.0746,12.4152,10.9513,9.65979,8.52046,7.51548,6.62907,5.84729,5.15782,4.54977,4.01352,3.5406,3.12351,2.75566,2.43122,2.14505,1.89263,1.66999,1.47361,1.30037,1.14755,1.01272,0.893771,0.788812,0.696194,0.61446,0.542328,0.478668,0.422484,0.372896,0.32913,0.290501,0.256406,0.226314,0.199753,0.17631,0.155618,0.137355,0.121235,0.107007,0.0944491,0.0833648,0.0735814,0.553408
1918,417.412,368.503,325.29,287.134,253.433,223.642,197.293,173.993,153.402,135.222,119.185,105.045,92.5846,81.6056,71.933,63.4115,55.9038,49.2885,43.4589,38.3212,33.7932,29.802,26.2839,23.1824,20.448,18.0368,15.9105,14.0349,12.3803,10.9207,9.63293,8.49687,7.4947,6.6107,5.831,5.14333,4.53687,4.00202,3.53033,3.11435,2.74747,2.4239,2.13852,1.88681,1.66477,1.46894,1.2962,1.14382,1.00939,0.890801,0.786169,0.693846,0.612378,0.540484,0.477037,0.421041,0.37162,0.328002,0.289505,0.255527,0.225537,0.199067,0.175705,0.155084,0.136883,0.120819,0.10664,0.0941245,0.0830783,0.0733284,0.551505
1919,417.34,368.426,325.257,287.11,253.413,223.623,197.266,173.948,153.335,135.136,119.084,104.936,92.471,81.4919,71.822,63.3051,55.8031,49.1945,43.372,38.2415,33.7201,29.7353,26.2232,23.1273,20.3982,17.9921,15.8704,13.9994,12.349,10.8932,9.60885,8.47577,7.47617,6.59438,5.81657,5.13053,4.52547,3.99186,3.52126,3.10624,2.74022,2.41742,2.13272,1.88162,1.66015,1.46478,1.29248,1.14049,1.00641,0.888136,0.78379,0.691727,0.610495,0.538813,0.475556,0.419731,0.370461,0.326978,0.2886,0.254727,0.224831,0.198444,0.175154,0.154597,0.136454,0.120439,0.106305,0.093829,0.0828174,0.0730981,0.549773
1920,417.319,368.362,325.188,287.083,253.402,223.633,197.302,174.001,153.391,135.183,119.116,104.952,92.4731,81.4829,71.8047,63.2819,55.7762,49.1655,43.3423,38.212,33.6915,29.7078,26.1971,23.1027,20.3752,17.9707,15.8509,13.9817,12.3333,10.8793,9.59675,8.46525,7.46702,6.58639,5.80954,5.1243,4.51992,3.98687,3.51676,3.10217,2.73654,2.41409,2.12971,1.87889,1.65768,1.46256,1.29045,1.13865,1.00475,0.886631,0.782432,0.690506,0.6094,0.537835,0.474685,0.418957,0.369775,0.32637,0.288062,0.254251,0.22441,0.198072,0.174825,0.154307,0.136198,0.120213,0.106105,0.0936527,0.0826617,0.0729607,0.548739
1921,417.295,368.344,325.132,287.023,253.376,223.619,197.304,174.022,153.426,135.218,119.143,104.966,92.4747,81.4731,71.7861,63.2571,55.7471,49.134,43.3098,38.1797,33.6601,29.6779,26.1686,23.076,20.3502,17.9476,15.8295,13.9622,12.3157,10.8637,9.58299,8.45321,7.45653,6.57725,5.80156,5.11728,4.51369,3.98132,3.51179,3.0977,2.73252,2.41046,2.12643,1.87593,1.655,1.46015,1.28828,1.13668,1.00297,0.885022,0.780979,0.689197,0.608224,0.536783,0.473746,0.418121,0.369033,0.325713,0.28748,0.253736,0.223955,0.197669,0.174469,0.153993,0.13592,0.119968,0.105889,0.0934615,0.0824929,0.0728117,0.547617
1922,417.283,368.322,325.116,286.973,253.325,223.603,197.302,174.04,153.464,135.27,119.196,105.012,92.5076,81.493,71.7943,63.2559,55.7389,49.1206,43.2929,38.1606,33.6401,29.6577,26.1489,23.0568,20.3318,17.9301,15.8132,13.947,12.3017,10.851,9.5717,8.44326,7.44785,6.56971,5.795,5.11156,4.50866,3.97686,3.50781,3.09412,2.72928,2.40753,2.12377,1.87352,1.65282,1.45817,1.28649,1.13506,1.00149,0.88368,0.779762,0.688094,0.607228,0.535886,0.472941,0.417402,0.368392,0.325143,0.286974,0.253288,0.223558,0.197319,0.17416,0.153719,0.135678,0.119754,0.1057,0.0932948,0.0823457,0.0726817,0.546639
1923,417.274,368.312,325.097,286.959,253.282,223.558,197.289,174.04,153.482,135.307,119.245,105.061,92.5499,81.5241,71.8138,63.2648,55.7393,49.1146,43.2822,38.1468,33.6243,29.641,26.1319,23.0401,20.3155,17.9145,15.7983,13.933,12.2887,10.839,9.56079,8.43356,7.4393,6.56224,5.78852,5.10593,4.50375,3.97255,3.50398,3.0907,2.7262,2.40475,2.12125,1.87124,1.65074,1.45628,1.28478,1.13351,1.00009,0.882403,0.778602,0.687042,0.606274,0.535023,0.472164,0.416704,0.367769,0.324587,0.28648,0.25285,0.22317,0.196975,0.173856,0.153451,0.135441,0.119545,0.105515,0.0931311,0.0822012,0.0725541,0.545678
1924,417.245,368.304,325.088,286.941,253.265,223.507,197.224,173.992,153.437,135.272,119.225,105.054,92.5467,81.5182,71.8019,63.2466,55.7156,49.0869,43.252,38.1152,33.5925,29.6096,26.1017,23.0115,20.2887,17.8895,15.7751,13.9116,12.269,10.821,9.5445,8.41891,7.4263,6.55079,5.77848,5.09717,4.4961,3.96585,3.49808,3.08548,2.72156,2.4006,2.11753,1.8679,1.64774,1.45359,1.28235,1.13133,0.998129,0.880645,0.777012,0.685609,0.604984,0.533863,0.471122,0.415771,0.366935,0.323844,0.28582,0.252264,0.222651,0.196516,0.173449,0.153091,0.135123,0.119264,0.105267,0.0929123,0.0820079,0.0723834,0.544393
1925,417.188,368.278,325.081,286.932,253.243,223.474,197.146,173.886,153.333,135.165,119.126,104.97,92.4771,81.4571,71.7438,63.1886,55.657,49.028,43.1938,38.0587,33.5382,29.5582,26.0534,22.9666,20.2474,17.8516,15.7404,13.88,12.2403,10.795,9.521,8.3978,7.40744,6.53408,5.76375,5.08423,4.48477,3.95592,3.48937,3.07781,2.71477,2.39458,2.11218,1.86312,1.64348,1.44977,1.27894,1.12828,0.995404,0.878208,0.774839,0.683657,0.603236,0.532298,0.469721,0.414519,0.365817,0.322849,0.284936,0.25148,0.221956,0.1959,0.172905,0.15261,0.134698,0.118888,0.104935,0.0926193,0.0817492,0.072155,0.542673
1926,417.123,368.228,325.058,286.925,253.232,223.449,197.104,173.798,153.216,135.047,119.005,104.856,92.3786,81.3733,71.6697,63.1191,55.5895,48.9618,43.129,37.996,33.4782,29.5013,26.0001,22.917,20.2017,17.8097,15.7023,13.8452,12.2087,10.7664,9.49516,8.37451,7.38655,6.51544,5.74725,5.06969,4.47199,3.94471,3.47955,3.06918,2.70717,2.38786,2.10622,1.85783,1.63876,1.44557,1.27519,1.12493,0.992413,0.875536,0.772453,0.681532,0.60133,0.530594,0.468198,0.413157,0.364602,0.321765,0.283971,0.250623,0.221196,0.195228,0.17231,0.152084,0.134233,0.118477,0.104572,0.0922986,0.081466,0.0719049,0.54079
1927,417.03,368.171,325.014,286.904,253.22,223.421,197.047,173.709,153.074,134.874,118.829,104.68,92.2126,81.2258,71.5407,63.0041,55.4839,48.8628,43.0356,37.9078,33.3954,29.4241,25.9285,22.851,20.1412,17.7546,15.6523,13.8,12.1679,10.7296,9.46201,8.34473,7.35985,6.49159,5.72602,5.0509,4.45543,3.93015,3.46676,3.05795,2.69731,2.37916,2.09854,1.85102,1.63272,1.4402,1.27042,1.12068,0.98863,0.872168,0.769452,0.678859,0.598955,0.528471,0.466305,0.411469,0.363097,0.320425,0.282779,0.249564,0.220257,0.194395,0.171573,0.151432,0.133657,0.117968,0.104122,0.0919014,0.0811153,0.0715952,0.538458
1928,416.97,368.089,324.963,286.866,253.207,223.426,197.053,173.703,153.052,134.81,118.739,104.586,92.1142,81.1323,71.4586,62.9335,55.4211,48.8041,42.9789,37.8525,33.3417,29.3724,25.8793,22.8046,20.0977,17.7142,15.6151,13.7661,12.137,10.7015,9.43652,8.32166,7.33902,6.47284,5.70921,5.03591,4.44216,3.91845,3.45648,3.04894,2.6894,2.37222,2.09242,1.84562,1.62793,1.43594,1.26663,1.1173,0.985616,0.869478,0.767051,0.676716,0.597041,0.526767,0.464778,0.410104,0.361878,0.319336,0.281807,0.248698,0.219486,0.193711,0.170966,0.150895,0.133181,0.117548,0.10375,0.091573,0.0808252,0.071339,0.536527
1929,416.932,368.035,324.891,286.818,253.169,223.418,197.073,173.736,153.082,134.831,118.725,104.548,92.0709,81.0822,71.4095,62.8912,55.3858,48.7727,42.9484,37.8214,33.3097,29.3399,25.8468,22.7727,20.067,17.685,15.5876,13.7404,12.1133,10.6798,9.41662,8.30349,7.32248,6.45783,5.69564,5.02371,4.43125,3.90878,3.44796,3.04146,2.68285,2.36648,2.08738,1.84118,1.62401,1.43246,1.26353,1.11454,0.983147,0.867271,0.765078,0.67495,0.595461,0.525353,0.463517,0.408971,0.360862,0.318426,0.280992,0.247969,0.218836,0.193132,0.170451,0.150438,0.132776,0.11719,0.103434,0.0912929,0.0805777,0.0711203,0.534879
1930,416.897,368.003,324.843,286.75,253.119,223.377,197.058,173.747,153.105,134.852,118.738,104.531,92.0329,81.0399,71.3617,62.8448,55.3457,48.7391,42.9186,37.7926,33.2806,29.3102,25.8168,22.743,20.0379,17.657,15.561,13.7154,12.0901,10.6584,9.39699,8.28553,7.3061,6.44293,5.68213,5.01149,4.42027,3.89897,3.43927,3.03379,2.67612,2.36059,2.08222,1.83665,1.62002,1.42893,1.2604,1.11175,0.980662,0.865052,0.763095,0.673177,0.593875,0.523935,0.462248,0.40784,0.359846,0.317516,0.280177,0.24724,0.218183,0.192549,0.169933,0.149977,0.132367,0.116827,0.103113,0.0910092,0.0803269,0.0708987,0.533207
1931,416.861,367.971,324.814,286.705,253.051,223.323,197.013,173.726,153.106,134.864,118.75,104.535,92.0117,81.0008,71.3194,62.7981,55.3008,48.7002,42.8858,37.7636,33.2528,29.2824,25.7888,22.7149,20.0102,17.6301,15.5352,13.691,12.0672,10.6371,9.37744,8.26764,7.28975,6.42803,5.66859,4.99923,4.40919,3.88902,3.43038,3.02592,2.66918,2.35449,2.07688,1.83197,1.61591,1.42532,1.2572,1.10892,0.978137,0.862801,0.761085,0.671382,0.592271,0.5225,0.460965,0.406693,0.358823,0.316597,0.279355,0.246504,0.217525,0.191961,0.169408,0.149509,0.131952,0.116459,0.102786,0.0907202,0.0800712,0.0706727,0.531501
1932,416.857,367.94,324.786,286.676,253.008,223.273,196.993,173.729,153.143,134.928,118.824,104.608,92.075,81.0367,71.3346,62.8056,55.2997,48.6963,42.8833,37.7628,33.2521,29.2799,25.7837,22.7073,20.0006,17.6191,15.5234,13.6788,12.0549,10.6251,9.36591,8.25675,7.27958,6.41855,5.65981,4.99113,4.40176,3.88224,3.42424,3.02041,2.66429,2.35018,2.0731,1.82867,1.61303,1.42279,1.25497,1.10695,0.976387,0.861238,0.759686,0.670127,0.591144,0.521487,0.460055,0.405875,0.358088,0.31594,0.27876,0.245969,0.217044,0.191528,0.169019,0.149162,0.131641,0.116182,0.10254,0.0905021,0.0798781,0.0705018,0.530207
1933,416.793,367.936,324.758,286.645,252.963,223.192,196.873,173.605,153.017,134.819,118.736,104.534,92.0077,80.9719,71.2569,62.7207,55.2184,48.6172,42.8104,37.699,33.1969,29.2311,25.739,22.6653,19.9609,17.5814,15.4878,13.6455,12.024,10.5965,9.33968,8.2328,7.25782,6.39886,5.64201,4.97506,4.38728,3.86921,3.41255,3.00995,2.65498,2.34195,2.06584,1.82228,1.60742,1.41787,1.25065,1.10314,0.973022,0.858257,0.75704,0.667774,0.58905,0.519623,0.458394,0.404395,0.356769,0.314764,0.277715,0.245034,0.21621,0.190784,0.168356,0.14857,0.131115,0.115714,0.102126,0.0901344,0.0795526,0.0702139,0.528031
1934,416.833,367.879,324.755,286.621,252.948,223.204,196.91,173.663,153.112,134.935,118.873,104.683,92.1558,81.109,71.378,62.8126,55.287,48.6733,42.8541,37.7353,33.2297,29.2612,25.7655,22.6873,19.978,17.5942,15.4968,13.6515,12.0276,10.5983,9.34008,8.23224,7.2566,6.39723,5.64012,4.97301,4.38514,3.86706,3.41042,3.0079,2.65305,2.34017,2.06425,1.82088,1.60621,1.41682,1.24975,1.10236,0.972334,0.857646,0.756489,0.667274,0.588593,0.519203,0.458009,0.40404,0.356443,0.314465,0.277441,0.244785,0.215979,0.190573,0.168162,0.148393,0.130953,0.115568,0.101993,0.090016,0.0794467,0.0701196,0.527307
1935,416.833,367.915,324.704,286.613,252.911,223.16,196.87,173.626,153.079,134.927,118.882,104.713,92.2024,81.1616,71.4282,62.8559,55.3113,48.6833,42.8587,37.7341,33.2266,29.2591,25.7646,22.6865,19.976,17.5905,15.4914,13.6447,12.0199,10.59,9.33156,8.22372,7.24828,6.38926,5.6326,4.96598,4.37861,3.86101,3.40485,3.00279,2.64838,2.33594,2.06045,1.81752,1.60324,1.41422,1.24748,1.10037,0.970595,0.856115,0.755134,0.666069,0.587517,0.51824,0.457145,0.403265,0.355747,0.313839,0.276878,0.244279,0.215527,0.190164,0.167794,0.148062,0.130656,0.115301,0.101755,0.0898026,0.0792567,0.0699507,0.526019
1936,416.822,367.915,324.736,286.564,252.894,223.114,196.816,173.57,153.024,134.874,118.851,104.698,92.2072,81.1827,71.4565,62.8839,55.335,48.6918,42.8561,37.7282,33.2166,29.2485,25.7557,22.6795,19.9699,17.5839,15.484,13.6363,12.0106,10.5804,9.32174,8.21397,7.2388,6.38019,5.62404,4.958,4.37123,3.8542,3.39859,2.99706,2.64315,2.33119,2.05617,1.81368,1.59984,1.41123,1.24485,1.09807,0.968582,0.85435,0.75358,0.664694,0.586296,0.517152,0.456172,0.402394,0.354967,0.31314,0.276251,0.243717,0.215023,0.189714,0.167388,0.147698,0.130329,0.115008,0.101492,0.0895677,0.0790472,0.0697643,0.524592
1937,416.824,367.905,324.735,286.591,252.853,223.106,196.788,173.542,152.999,134.851,118.831,104.697,92.2187,81.2101,71.4961,62.9278,55.3766,48.7277,42.877,37.7378,33.2219,29.249,25.7546,22.679,19.9702,17.5841,15.4832,13.6341,12.0071,10.5756,9.31623,8.20797,7.23256,6.3739,5.61788,4.95207,4.36561,3.84894,3.39369,2.99252,2.63896,2.32734,2.05266,1.8105,1.59698,1.40869,1.24261,1.09611,0.96687,0.852854,0.75227,0.663541,0.585275,0.516244,0.455361,0.401668,0.354315,0.312554,0.275725,0.243244,0.214597,0.189331,0.167046,0.147388,0.130051,0.114757,0.101266,0.0893653,0.0788659,0.0696024,0.523341
1938,416.818,367.907,324.726,286.573,252.841,223.033,196.749,173.489,152.948,134.806,118.79,104.66,92.2002,81.2043,71.5061,62.95,55.4041,48.7545,42.9,37.7485,33.2236,29.2476,25.7498,22.6734,19.9656,17.5808,15.4802,13.6306,12.0027,10.5703,9.31018,8.20145,7.2258,6.3671,5.61119,4.94563,4.3595,3.84322,3.38837,2.98759,2.63443,2.32318,2.04885,1.80703,1.59385,1.40588,1.24012,1.09391,0.964946,0.851172,0.750799,0.662251,0.58414,0.515239,0.454469,0.400871,0.353603,0.311917,0.275153,0.242731,0.214137,0.188918,0.166675,0.147057,0.129752,0.114488,0.101025,0.0891486,0.0786716,0.0694286,0.52199
1939,416.843,367.902,324.728,286.564,252.827,223.037,196.716,173.503,152.964,134.83,118.821,104.694,92.2338,81.249,71.5564,63.0087,55.4683,48.8185,42.9589,37.8,33.2607,29.2736,25.7702,22.6882,19.9775,17.5916,15.4903,13.6395,12.0098,10.5754,9.31341,8.20308,7.22619,6.36656,5.60997,4.94395,4.35753,3.8411,3.38621,2.98545,2.63233,2.32116,2.04692,1.80521,1.59215,1.40432,1.2387,1.09265,0.963833,0.8502,0.749956,0.661519,0.583501,0.514677,0.45397,0.400426,0.353202,0.311555,0.274826,0.242434,0.213867,0.188673,0.166453,0.146855,0.12957,0.114322,0.100874,0.0890117,0.0785476,0.0693165,0.521091
1940,416.861,367.924,324.723,286.577,252.841,223.042,196.729,173.477,152.973,134.837,118.834,104.711,92.2533,81.269,71.5869,63.0449,55.5127,48.8685,43.0093,37.8466,33.3014,29.3021,25.7894,22.7029,19.9877,17.5995,15.4976,13.6465,12.0159,10.5802,9.31655,8.20474,7.22659,6.36598,5.60868,4.94216,4.35542,3.83881,3.38385,2.98311,2.63006,2.31897,2.04484,1.80325,1.59032,1.40262,1.23715,1.09124,0.962581,0.849097,0.748991,0.66068,0.582771,0.51404,0.45341,0.399929,0.352759,0.311157,0.274467,0.24211,0.213574,0.188408,0.166213,0.146638,0.129374,0.114146,0.100713,0.0888659,0.0784156,0.0691972,0.520125
1941,416.855,367.94,324.743,286.58,252.863,223.055,196.718,173.456,152.905,134.794,118.786,104.669,92.2189,81.2398,71.5622,63.0336,55.5104,48.8771,43.0263,37.867,33.3212,29.3192,25.798,22.7052,19.9878,17.5972,15.4946,13.644,12.0142,10.5787,9.31465,8.20216,7.22334,6.36218,5.60451,4.9378,4.351,3.83444,3.37962,2.97909,2.62628,2.31546,2.04159,1.80025,1.58756,1.40009,1.23484,1.08916,0.960714,0.847441,0.747531,0.6594,0.581652,0.513062,0.452552,0.399174,0.352091,0.310563,0.273937,0.241636,0.21315,0.188027,0.165871,0.146331,0.129098,0.113898,0.100492,0.0886662,0.0782361,0.0690358,0.518829
1942,416.831,367.934,324.758,286.599,252.867,223.069,196.714,173.421,152.854,134.698,118.71,104.591,92.1473,81.1775,71.5073,62.9856,55.4769,48.8541,43.0152,37.8655,33.3246,29.3238,25.8016,22.7027,19.9809,17.5894,15.4856,13.6353,12.0067,10.5725,9.30917,8.19681,7.21782,6.35647,5.59865,4.93192,4.34521,3.82883,3.37427,2.97403,2.62156,2.3111,2.03758,1.79657,1.5842,1.39703,1.23206,1.08665,0.958451,0.845417,0.745738,0.657819,0.580264,0.511847,0.451488,0.398241,0.351269,0.309836,0.273292,0.241062,0.212637,0.187569,0.165462,0.145965,0.12877,0.113605,0.100229,0.0884318,0.0780253,0.0688469,0.517314
1943,416.881,367.913,324.753,286.628,252.926,223.14,196.826,173.549,152.979,134.821,118.795,104.688,92.2315,81.2555,71.5805,63.0524,55.5375,48.9162,43.0763,37.9278,33.3869,29.383,25.8553,22.7497,20.0173,17.6174,15.5088,13.6538,12.0223,10.5864,9.32184,8.20796,7.22718,6.364,5.60454,4.93637,4.3485,3.8312,3.37591,2.97511,2.62222,2.31145,2.03771,1.79655,1.58405,1.3968,1.23177,1.08632,0.958104,0.845072,0.745409,0.657522,0.580003,0.511622,0.451298,0.39808,0.351131,0.309716,0.273184,0.240963,0.212545,0.187483,0.165381,0.145889,0.128698,0.113537,0.100166,0.0883727,0.0779709,0.0687954,0.516822
1944,416.92,367.957,324.735,286.625,252.951,223.188,196.878,173.633,153.073,134.91,118.882,104.742,92.2975,81.3116,71.6327,63.102,55.583,48.9577,43.1205,37.9722,33.4335,29.4306,25.901,22.7913,20.0537,17.6451,15.5296,13.6708,12.0356,10.5975,9.33178,8.21705,7.23518,6.37064,5.60976,4.9403,4.35132,3.83313,3.37713,2.9758,2.62251,2.31144,2.0375,1.7962,1.58362,1.39631,1.23125,1.08578,0.95757,0.844551,0.744916,0.657065,0.579594,0.511262,0.450986,0.397811,0.3509,0.309516,0.273009,0.240807,0.212405,0.187355,0.165263,0.14578,0.128598,0.113445,0.100081,0.0882945,0.0778989,0.0687299,0.516211
1945,416.992,367.992,324.774,286.613,252.961,223.235,196.964,173.74,153.221,135.074,119.043,104.899,92.4202,81.4388,71.7448,63.2044,55.6771,49.0427,43.197,38.0465,33.504,29.4993,25.9674,22.8532,20.1094,17.6939,15.5687,13.7021,12.0621,10.6193,9.35045,8.23366,7.2501,6.38377,5.62097,4.94963,4.35895,3.83928,3.38206,2.97973,2.62562,2.3139,2.03944,1.79774,1.58483,1.39727,1.232,1.08636,0.958013,0.844887,0.745168,0.657257,0.579744,0.51139,0.451099,0.397916,0.350999,0.309608,0.273093,0.240882,0.21247,0.18741,0.165308,0.145816,0.128625,0.113465,0.100095,0.0883039,0.0779043,0.0687321,0.516108
1946,417.048,368.056,324.804,286.643,252.939,223.228,196.985,173.789,153.285,135.171,119.155,105.009,92.5286,81.5198,71.8323,63.281,55.7477,49.1081,43.2563,38.1001,33.5572,29.5506,26.0185,22.9033,20.1565,17.7364,15.606,13.7315,12.0852,10.6387,9.36621,8.24705,7.26204,6.39455,5.63045,4.95766,4.36554,3.84457,3.38622,2.98296,2.6281,2.31578,2.04085,1.79878,1.58559,1.39781,1.23238,1.08662,0.958166,0.844962,0.745185,0.657234,0.579697,0.511331,0.451043,0.397867,0.350959,0.309579,0.273072,0.240867,0.212457,0.187397,0.165294,0.145801,0.128609,0.113447,0.100076,0.0882835,0.0778835,0.0687112,0.515825
1947,417.089,368.104,324.86,286.657,252.94,223.182,196.951,173.779,153.299,135.2,119.214,105.082,92.6027,81.5944,71.8849,63.3414,55.8002,49.157,43.3021,38.142,33.5953,29.5895,26.0565,22.942,20.1951,17.7731,15.6392,13.7606,12.1078,10.6561,9.38068,8.25865,7.27183,6.4033,5.63839,4.96465,4.37141,3.84931,3.38994,2.9858,2.63022,2.31733,2.04194,1.79952,1.58607,1.39809,1.23252,1.08665,0.958122,0.844861,0.745044,0.657066,0.579515,0.511147,0.450865,0.397706,0.350818,0.309458,0.272971,0.240781,0.212384,0.187334,0.165237,0.145748,0.128559,0.1134,0.100032,0.0882416,0.0778439,0.0686737,0.515414
1948,417.115,368.141,324.9,286.657,252.85,223.084,196.83,173.685,153.239,135.169,119.202,105.103,92.6401,81.6361,71.9301,63.3698,55.8378,49.1897,43.3332,38.1719,33.6229,29.6149,26.0836,22.9692,20.2237,17.8023,15.6672,13.7861,12.1301,10.6732,9.3935,8.26916,7.28008,6.41019,5.64457,4.97029,4.37638,3.85344,3.3932,2.98827,2.63201,2.31856,2.04274,1.79999,1.58629,1.39813,1.23243,1.08648,0.957894,0.844593,0.744753,0.656763,0.57921,0.510848,0.450581,0.397442,0.350582,0.30925,0.27279,0.240626,0.212251,0.187218,0.165136,0.145658,0.128478,0.113326,0.0999635,0.0881788,0.0777858,0.0686201,0.514879
1949,417.088,368.164,324.921,286.523,252.503,222.672,196.465,173.348,152.961,134.948,119.029,104.964,92.5459,81.5704,71.8801,63.3333,55.7956,49.1636,43.3099,38.1534,33.609,29.6037,26.0748,22.9656,20.2235,17.8061,15.6742,13.7943,12.1381,10.6801,9.39727,8.27057,7.28064,6.4098,5.64389,4.9698,4.37613,3.85322,3.39279,2.98757,2.63104,2.31737,2.0414,1.79855,1.58481,1.39666,1.231,1.0851,0.956598,0.843385,0.743628,0.655723,0.578252,0.509969,0.44978,0.396717,0.349931,0.308672,0.272281,0.24018,0.211861,0.186878,0.164838,0.145395,0.128246,0.11312,0.0997789,0.0880136,0.0776377,0.0684871,0.513746
1950,417.027,368.14,324.935,286.44,252.177,222.166,195.935,172.889,152.548,134.604,118.748,104.736,92.357,81.4283,71.7701,63.2434,55.7231,49.091,43.2557,38.1054,33.5685,29.5701,26.0462,22.9412,20.2057,17.7931,15.6663,13.7905,12.1366,10.6794,9.39657,8.26793,7.27664,6.40567,5.63948,4.96563,4.37255,3.85022,3.39015,2.98506,2.62853,2.31485,2.03888,1.79607,1.5824,1.39435,1.22881,1.08306,0.9547,0.841637,0.742029,0.654261,0.57692,0.50876,0.448683,0.395727,0.349041,0.307877,0.271577,0.239559,0.211316,0.1864,0.164419,0.145028,0.127922,0.112834,0.0995252,0.0877879,0.0774364,0.0683074,0.512262
1951,416.921,368.086,324.913,286.439,252.072,221.833,195.428,172.344,152.054,134.145,118.349,104.396,92.0695,81.1828,71.5732,63.0821,55.5864,48.9759,43.1463,38.0173,33.4905,29.5029,25.9887,22.8915,20.1626,17.7584,15.638,13.7687,12.1201,10.6665,9.38578,8.25835,7.26642,6.39521,5.62975,4.95637,4.36413,3.84289,3.38384,2.9795,2.62347,2.31014,2.03445,1.7919,1.57851,1.39073,1.22545,1.07997,0.951867,0.839056,0.739689,0.652146,0.57501,0.507037,0.447133,0.394333,0.347792,0.306761,0.270584,0.23868,0.210541,0.185719,0.163821,0.144503,0.127461,0.112427,0.0991659,0.0874696,0.077154,0.0680564,0.510244
1952,416.705,367.993,324.87,286.495,252.209,221.822,195.119,171.79,151.398,133.492,117.709,103.809,91.5444,80.7193,71.1645,62.7344,55.2877,48.7155,42.9204,37.8104,33.3149,29.3475,25.8528,22.773,20.0589,17.6675,15.5606,13.7026,12.0646,10.62,9.34622,8.224,7.23612,6.36697,5.60359,4.93288,4.34285,3.82392,3.3672,2.96497,2.61068,2.29873,2.02418,1.78262,1.57009,1.38311,1.21858,1.07376,0.946282,0.83404,0.735193,0.648126,0.57142,0.503832,0.444274,0.391784,0.345521,0.30474,0.268789,0.237089,0.209135,0.184479,0.16273,0.143543,0.126616,0.111683,0.0985101,0.0868906,0.0766422,0.0676035,0.506716
1953,416.565,367.802,324.778,286.294,251.939,221.683,194.97,171.491,150.965,133.021,117.27,103.391,91.1723,80.3948,70.8845,62.4916,55.0875,48.5476,42.7761,37.6871,33.1999,29.2524,25.7687,22.7,19.9958,17.6126,15.5128,13.6629,12.0314,10.5931,9.32471,8.20631,7.22096,6.35357,5.59042,4.92015,4.33124,3.81317,3.35754,2.95652,2.60335,2.29227,2.01836,1.7773,1.5652,1.3786,1.21442,1.06995,0.9428,0.830869,0.732317,0.645525,0.569078,0.501727,0.442382,0.390088,0.344,0.303379,0.267573,0.236006,0.208173,0.183628,0.161979,0.142882,0.126035,0.111173,0.0980615,0.0864953,0.076293,0.0672945,0.504272
1954,416.446,367.679,324.601,286.079,251.498,221.215,194.692,171.272,150.665,132.638,116.873,103.032,90.8369,80.101,70.6318,62.2762,54.9024,48.3974,42.6518,37.5811,33.1102,29.168,25.6999,22.6393,19.9433,17.5675,15.4737,13.6289,12.0036,10.5703,9.3067,8.19231,7.20973,6.34404,5.58199,4.91152,4.32265,3.80525,3.3501,2.9498,2.59748,2.2872,2.0139,1.77325,1.56146,1.37512,1.21118,1.06694,0.940017,0.828307,0.729969,0.643385,0.567133,0.499969,0.440798,0.38866,0.342716,0.302225,0.266537,0.235079,0.207345,0.182892,0.161329,0.142309,0.125531,0.11073,0.0976723,0.086153,0.0759914,0.067028,0.502156
1955,416.189,367.573,324.459,285.393,250.227,219.794,193.432,170.341,149.908,131.901,116.131,102.333,90.2169,79.5404,70.1408,61.85,54.5339,48.0774,42.3815,37.3504,32.9102,28.9952,25.543,22.5061,19.8258,17.465,15.3844,13.5508,11.9353,10.512,9.2568,8.15023,7.17432,6.31385,5.55574,4.88838,4.30122,3.78552,3.33242,2.93383,2.58327,2.27473,2.003,1.76366,1.55291,1.36744,1.20425,1.06068,0.934367,0.823214,0.725385,0.639266,0.56344,0.496663,0.437845,0.386026,0.340366,0.300131,0.264672,0.233418,0.205869,0.181581,0.160167,0.141282,0.124626,0.109933,0.0969709,0.0855359,0.0754479,0.066549,0.498459
1956,415.708,367.346,324.314,284.454,247.973,217.107,190.893,168.186,148.223,130.503,114.855,101.137,89.1292,78.5813,69.2853,61.1,53.8795,47.5076,41.8839,36.9224,32.5398,28.672,25.2614,22.254,19.6082,17.2732,15.2164,13.4038,11.8063,10.3988,9.15876,8.06514,7.10104,6.25077,5.50107,4.84056,4.25911,3.74754,3.29823,2.90345,2.55617,2.25073,1.98191,1.74516,1.53663,1.35302,1.19142,1.04924,0.924148,0.814092,0.717247,0.63201,0.556977,0.490912,0.432731,0.381484,0.336335,0.296553,0.261497,0.230602,0.203372,0.179369,0.158208,0.13955,0.123096,0.108584,0.0957818,0.0844885,0.0745254,0.065736,0.492278
1957,415.199,366.922,324.09,283.957,246.419,214.483,188.059,165.628,146.11,128.875,113.527,99.949,88.0324,77.593,68.4187,60.3305,53.2069,46.9219,41.3747,36.4783,32.1581,28.3418,24.9734,22.0031,19.3839,17.0796,15.0458,13.2544,11.6755,10.2841,9.05812,7.97801,7.02539,6.1856,5.44495,4.79191,4.21655,3.71006,3.26444,2.87305,2.52917,2.22666,1.9606,1.72643,1.5202,1.33855,1.1786,1.03784,0.913983,0.805019,0.70915,0.624788,0.55054,0.485179,0.42763,0.376949,0.332308,0.292979,0.258325,0.227788,0.200876,0.177156,0.156247,0.137814,0.121561,0.107228,0.0945864,0.0834349,0.0735974,0.0649186,0.486083
1958,414.83,366.473,323.77,284.624,247.722,214.74,187.038,164.119,144.616,127.607,112.569,99.1697,87.3117,76.9037,67.7853,59.7717,52.7064,46.4837,40.9933,36.1474,31.8699,28.0957,24.7616,21.8188,19.2238,16.9355,14.9223,13.1455,11.5803,10.2009,8.98521,7.91408,6.97039,6.1381,5.40437,4.75727,4.18671,3.68402,3.2415,2.85216,2.5102,2.20975,1.94544,1.71298,1.50839,1.3282,1.1695,1.02975,0.906763,0.798552,0.70335,0.619588,0.545881,0.48101,0.423903,0.373623,0.329343,0.290339,0.255978,0.2257,0.19902,0.175507,0.154782,0.136514,0.120409,0.106208,0.0936858,0.0826407,0.0728976,0.0643024,0.481413
1959,414.041,366.146,323.384,284.51,248.595,215.987,187.08,162.767,142.632,125.515,110.629,97.5056,85.8439,75.5442,66.517,58.6162,51.6778,45.5635,40.1804,35.432,31.2417,27.5435,24.2809,21.3989,18.8553,16.6124,14.6347,12.8948,11.3592,10.0066,8.81455,7.764,6.83844,6.023,5.30382,4.66982,4.11067,3.61765,3.18329,2.80091,2.46449,2.16901,1.9094,1.68101,1.48015,1.30337,1.14767,1.01054,0.889786,0.783515,0.690012,0.607749,0.535373,0.471684,0.41563,0.366286,0.322839,0.284578,0.250876,0.221185,0.195023,0.171969,0.151651,0.133744,0.117959,0.104042,0.0917723,0.0809519,0.071408,0.0629892,0.471541
1960,413.41,365.45,323.131,284.714,249.594,217.78,188.989,163.446,141.968,124.213,109.167,96.126,84.6631,74.4993,65.537,57.6905,50.8285,44.8056,39.5003,34.8307,30.7126,27.0791,23.8727,21.0442,18.5458,16.341,14.3969,12.6827,11.1747,9.84382,8.67154,7.63845,6.72806,5.92598,5.21934,4.59612,4.04671,3.56217,3.13493,2.75852,2.42717,2.13564,1.87959,1.65461,1.45671,1.28265,1.12945,0.994531,0.875693,0.771055,0.678964,0.597938,0.526653,0.463934,0.408744,0.360169,0.317409,0.27976,0.246604,0.2174,0.19167,0.168999,0.149022,0.131415,0.115897,0.102218,0.0901592,0.0795264,0.0701498,0.0618795,0.463204
1961,412.891,364.894,322.525,284.62,250.038,218.916,190.789,165.32,142.746,123.805,108.19,94.998,83.5932,73.5894,64.7328,56.9314,50.1062,44.1405,38.9062,34.2969,30.2406,26.664,23.5086,20.7243,18.2683,16.0992,14.1849,12.4972,11.009,9.69988,8.54454,7.5269,6.63017,5.83994,5.14373,4.53036,3.98941,3.51252,3.09193,2.72109,2.39437,2.10676,1.85372,1.63146,1.43619,1.26441,1.11332,0.980352,0.863243,0.760093,0.669268,0.589334,0.519004,0.457129,0.40269,0.354785,0.312623,0.275508,0.242829,0.21405,0.188701,0.166368,0.14669,0.129349,0.114067,0.100598,0.0887245,0.0782573,0.0690281,0.0608893,0.455767
1962,412.535,364.435,322.031,284.039,249.872,219.269,191.829,167.015,144.557,124.686,108.046,94.3554,82.8094,72.8421,64.1088,56.3831,49.5815,43.6333,38.4355,33.8759,29.8612,26.3287,23.2141,20.4665,18.0422,15.9038,14.0152,12.3486,10.8792,9.58364,8.44393,7.43813,6.55225,5.77163,5.08372,4.47766,3.94372,3.47281,3.05767,2.69155,2.36873,2.08432,1.83395,1.61367,1.4202,1.25021,1.10067,0.969154,0.853402,0.751458,0.661665,0.582602,0.513019,0.451796,0.397933,0.350544,0.308843,0.27214,0.239831,0.211384,0.186332,0.164265,0.144824,0.127694,0.112599,0.0992961,0.0875708,0.0772352,0.0681234,0.0600893,0.449752
1963,412.396,364.121,321.627,283.617,249.409,219.228,192.322,168.185,146.353,126.605,109.152,94.5507,82.5483,72.4334,63.7064,56.063,49.3035,43.3537,38.1512,33.6055,29.6183,26.1077,23.0189,20.2956,17.8933,15.7736,13.904,12.2529,10.7958,9.5111,8.3784,7.38199,6.50268,5.72821,5.04576,4.44437,3.91453,3.44774,3.03605,2.67312,2.35305,2.07083,1.82218,1.6033,1.41073,1.24159,1.09298,0.962246,0.847268,0.746073,0.65695,0.57845,0.50933,0.448498,0.394976,0.347887,0.306457,0.270001,0.237914,0.209669,0.184799,0.162897,0.143606,0.12661,0.111635,0.0984381,0.0868081,0.0765574,0.0675216,0.0595558,0.44572
1964,412.313,363.999,321.351,283.283,249.082,218.867,192.33,168.661,147.421,128.219,110.871,95.5537,82.7512,72.2337,63.3746,55.734,49.0439,43.1287,37.9227,33.3711,29.3944,25.9063,22.8355,20.1336,17.7515,15.6502,13.7962,12.1609,10.7166,9.4422,8.31856,7.32786,6.45639,5.68733,5.00996,4.41308,3.8871,3.42369,3.01543,2.65536,2.33794,2.058,1.81117,1.5937,1.40227,1.23384,1.08591,0.95593,0.841591,0.74103,0.652524,0.574576,0.505919,0.445466,0.392262,0.34545,0.304266,0.268031,0.236146,0.208082,0.183379,0.161627,0.142472,0.125599,0.110735,0.0976368,0.0860951,0.0759233,0.0669579,0.0590551,0.44192
1965,392.864,363.926,321.219,282.651,248.005,217.851,191.443,168.239,147.514,128.907,112.089,96.9031,83.5025,72.3063,63.1112,55.3679,48.6907,42.8449,37.6765,33.1282,29.1517,25.6776,22.6304,19.9478,17.5875,15.5066,13.6709,12.0514,10.6229,9.36127,8.24799,7.26645,6.40105,5.6398,4.96801,4.37632,3.85493,3.39547,2.99067,2.63405,2.31952,2.04225,1.79771,1.5821,1.39213,1.22491,1.07778,0.948563,0.835027,0.735149,0.647307,0.569994,0.501905,0.441932,0.389125,0.34265,0.301758,0.265783,0.234131,0.206279,0.181765,0.160185,0.141185,0.124452,0.109714,0.0967293,0.085288,0.075206,0.0663207,0.0584893,0.437613
1966,389.604,346.758,321.135,282.226,246.778,216.205,189.893,166.838,146.552,128.431,112.176,97.5034,84.2691,72.6009,62.8576,54.8588,48.1248,42.3191,37.2371,32.7444,28.791,25.3348,22.3153,19.667,17.3355,15.2842,13.4757,11.8804,10.4729,9.2315,8.13511,7.16762,6.31465,5.56261,4.90107,4.31727,3.80309,3.34999,2.95071,2.59894,2.28903,2.0157,1.77474,1.56224,1.37487,1.20979,1.06447,0.936612,0.824317,0.725652,0.638856,0.56252,0.495334,0.436164,0.384046,0.338156,0.297768,0.262233,0.23097,0.203464,0.179259,0.157957,0.139204,0.122692,0.108151,0.0953432,0.0840593,0.0741167,0.0653553,0.0576338,0.431121
1967,385.287,343.882,305.931,281.24,244.539,213.392,187.104,164.486,144.596,127.045,111.346,97.2563,84.5363,73.0634,62.9482,54.5017,47.5675,41.7295,36.6962,32.2901,28.3948,24.967,21.9701,19.3518,17.0554,15.0336,13.2548,11.6865,10.3031,9.08249,8.00588,7.05507,6.21605,5.47633,4.82414,4.25043,3.74414,3.29822,2.90528,2.55901,2.25393,1.98516,1.74812,1.53915,1.35485,1.19236,1.04919,0.923162,0.812279,0.714891,0.629324,0.55405,0.487847,0.42958,0.378264,0.333065,0.293267,0.25824,0.227422,0.200309,0.176455,0.155463,0.136988,0.120725,0.106405,0.0937945,0.0826867,0.0729007,0.0642779,0.0566796,0.423874
1968,372.393,340.071,303.377,267.654,243.062,210.852,184.189,161.704,142.283,125.144,109.989,96.4163,84.228,73.2206,63.2898,54.5324,47.2187,41.2137,36.1575,31.7978,27.9809,24.6062,21.6363,19.0397,16.771,14.781,13.029,11.4875,10.1284,8.92952,7.8717,6.93866,6.11462,5.38746,4.74637,4.18112,3.68389,3.24509,2.85861,2.51804,2.21793,1.95352,1.72057,1.51512,1.33401,1.17428,1.03344,0.909353,0.800121,0.704017,0.619609,0.545447,0.480206,0.422826,0.372325,0.327849,0.288674,0.25418,0.223822,0.197111,0.173612,0.152937,0.134743,0.11873,0.104635,0.0922234,0.0812935,0.0716661,0.0631844,0.0557109,0.416505
1969,349.653,328.69,299.983,264.909,230.266,208.561,181.231,158.646,139.508,122.892,108.172,95.1231,83.4183,72.8952,63.3839,54.7976,47.2225,40.8942,35.6972,31.3204,27.5457,24.2406,21.3181,18.7458,16.4966,14.5313,12.8074,11.2896,9.95402,8.77649,7.7377,6.82114,6.01267,5.29863,4.66854,4.113,3.6232,3.19233,2.81208,2.47718,2.18206,1.92199,1.69286,1.491,1.31296,1.15601,1.0176,0.895549,0.788021,0.693364,0.610084,0.536938,0.47267,0.416134,0.366411,0.322648,0.284106,0.250157,0.220266,0.193958,0.170812,0.150448,0.132531,0.116765,0.102889,0.0906737,0.0799186,0.070447,0.0621041,0.0547541,0.409211
1970,358.23,308.619,289.962,262.229,228.46,198.077,179.643,156.361,137.047,120.615,106.308,93.61,82.3414,72.2254,63.1256,54.8971,47.4661,40.9086,35.4294,30.929,27.1383,23.8689,21.0058,18.4738,16.2452,14.2963,12.5934,11.0996,9.78429,8.62692,7.60646,6.70621,5.91188,5.2112,4.59236,4.04627,3.56479,3.14028,2.76684,2.43728,2.14702,1.89123,1.66583,1.46724,1.29228,1.13798,1.00194,0.881974,0.776194,0.682997,0.600956,0.528774,0.465377,0.409675,0.360674,0.317577,0.279647,0.246241,0.216818,0.19091,0.168109,0.148047,0.130397,0.114868,0.101203,0.0891764,0.0785892,0.0692674,0.0610581,0.0538272,0.40213
1971,486.456,316.189,272.2,252.524,224.116,194.608,169.134,153.866,134.266,117.903,103.907,91.672,80.7814,71.0967,62.3891,54.547,47.4495,41.0355,35.3726,30.6392,26.7504,23.4741,20.6477,18.1722,15.9827,14.0552,12.3696,10.8966,9.6043,8.46639,7.46507,6.58216,5.80321,5.11588,4.50957,3.97408,3.50153,3.08489,2.71753,2.39437,2.10919,1.858,1.63665,1.44159,1.26973,1.11833,0.984794,0.867074,0.763254,0.671712,0.591061,0.520063,0.457598,0.402734,0.35453,0.312125,0.274829,0.242005,0.213096,0.187633,0.165212,0.14548,0.128119,0.112845,0.0994061,0.0875807,0.0771727,0.0680106,0.0599437,0.0528394,0.394583
1972,435.208,429.367,278.882,237.139,215.982,191.041,166.255,144.904,132.133,115.501,101.55,89.5765,79.0824,69.7236,61.3895,53.8881,47.1267,41.0032,35.4666,30.5764,26.4878,23.1281,20.297,17.8544,15.7146,13.8218,12.1554,10.698,9.42426,8.30679,7.32277,6.45682,5.69322,5.01951,4.42503,3.90063,3.43746,3.02873,2.66836,2.35061,2.07109,1.82441,1.60714,1.41568,1.24696,1.09831,0.967341,0.851836,0.750011,0.660207,0.581025,0.511262,0.44985,0.395818,0.348362,0.306666,0.269985,0.237725,0.209332,0.184326,0.162301,0.142907,0.125839,0.110822,0.0976098,0.0859855,0.0757566,0.0667538,0.0588287,0.0518508,0.387017
1973,568.74,384.132,378.611,241.837,200.54,181.788,161.254,140.855,123.142,112.541,98.5334,86.735,76.5765,67.6521,59.6785,52.5678,46.1605,40.3802,35.1414,30.4021,26.2143,22.7119,19.8333,17.4071,15.3133,13.4789,11.8561,10.4271,9.17726,8.08487,7.12642,6.28237,5.53954,4.88448,4.30652,3.79652,3.34662,2.94926,2.59859,2.28941,2.01679,1.77697,1.56533,1.37891,1.21464,1.06988,0.942342,0.829976,0.730874,0.643508,0.566457,0.498519,0.438663,0.385971,0.339612,0.298895,0.263119,0.231648,0.203968,0.179607,0.158152,0.139254,0.122615,0.10797,0.0950853,0.0837493,0.0737757,0.0649993,0.0572749,0.0504751,0.376549
1974,334.469,501.993,338.666,327.283,202.926,167.336,152.223,135.655,118.954,104.297,95.5194,83.7609,73.8182,65.2318,57.6705,50.9021,44.8575,39.4044,34.4803,30.0143,25.9716,22.3978,19.408,16.95,14.878,13.0895,11.5223,10.1356,8.91442,7.8462,6.91249,6.09322,5.37164,4.73657,4.17652,3.68237,3.24631,2.86164,2.52188,2.22204,1.95766,1.72456,1.51949,1.33852,1.17912,1.03865,0.914866,0.805806,0.709721,0.624979,0.550271,0.484385,0.42629,0.375106,0.330049,0.290407,0.255589,0.224997,0.198085,0.174416,0.153585,0.135238,0.119078,0.10485,0.0923269,0.0813088,0.0716153,0.0630867,0.0555818,0.0489766,0.365155
1975,255.867,295.216,442.528,292.142,273.14,168.288,139.327,127.42,114.069,100.373,88.2309,80.9601,71.0969,62.7276,55.4798,49.0829,43.3464,38.2161,33.5826,29.3947,25.5936,22.1508,19.1059,16.5578,14.4625,12.6958,11.1705,9.83374,8.65078,7.60891,6.69742,5.90064,5.20141,4.58554,4.04347,3.56542,3.14361,2.77137,2.443,2.15295,1.89698,1.67129,1.47229,1.29723,1.14273,1.00665,0.886728,0.781049,0.687942,0.605912,0.533565,0.469785,0.413536,0.363939,0.320242,0.281775,0.247931,0.218205,0.192088,0.169113,0.148906,0.131121,0.115458,0.101662,0.089514,0.0788229,0.0694163,0.0611406,0.0538594,0.0474523,0.353559
1976,207.588,225.839,260.232,381.407,243.305,225.931,139.692,116.2,106.685,95.7814,84.4559,74.3538,68.307,60.0407,53.0119,46.9145,41.5252,36.6864,32.3548,28.4394,24.8984,21.6826,18.7688,16.1908,14.033,12.2582,10.7616,9.46929,8.33655,7.33403,6.45099,5.6784,5.00297,4.4102,3.88806,3.42849,3.02318,2.66554,2.34993,2.0715,1.82557,1.60854,1.41717,1.24843,1.09999,0.96898,0.853589,0.751905,0.662295,0.583345,0.513788,0.452441,0.398359,0.350661,0.308605,0.271552,0.238934,0.210235,0.185029,0.162883,0.143401,0.126266,0.111185,0.0979036,0.086205,0.0759043,0.0668387,0.0588623,0.0518448,0.0456707,0.340042
1977,195.625,183.226,199.137,225.537,321.882,204.137,189.908,117.725,98.1203,90.2051,81.0584,71.5216,63.0003,57.9027,50.9149,44.969,39.8076,35.2429,31.1423,27.4698,24.1489,21.1445,18.4154,15.9419,13.7531,11.9209,10.4137,9.14263,8.04502,7.08286,6.23124,5.48109,4.82474,4.2509,3.74728,3.30366,2.91319,2.56881,2.26494,1.99677,1.76019,1.55123,1.36681,1.2042,1.06082,0.934686,0.823368,0.725319,0.638915,0.562772,0.495686,0.436581,0.384453,0.338497,0.297968,0.262231,0.230746,0.203029,0.178644,0.157225,0.138407,0.121852,0.107292,0.0944777,0.0831918,0.0732511,0.0644983,0.056795,0.0500172,0.0440542,0.327752
1978,190.329,172.667,161.56,172.547,190.247,269.963,171.572,160.08,99.461,83.0284,76.4138,68.7204,60.6731,53.4714,49.1655,43.2472,38.2079,33.8309,29.9576,26.4764,23.3575,20.5361,17.983,15.6632,13.5603,11.6992,10.1411,8.85931,7.77821,6.8446,6.02615,5.3017,4.66353,4.10513,3.61692,3.18844,2.811,2.47877,2.18576,1.9272,1.69903,1.49773,1.31993,1.16301,1.02465,0.902651,0.795325,0.700605,0.617175,0.543655,0.478864,0.421781,0.371488,0.327132,0.288029,0.253542,0.223134,0.196343,0.172759,0.152009,0.133784,0.117771,0.103685,0.0912955,0.0803916,0.0707884,0.0623298,0.054882,0.0483272,0.0425599,0.316372
1979,172.722,167.992,152.234,139.736,144.903,158.722,225.628,143.751,134.354,83.5604,69.7949,64.2587,57.806,51.0497,45.0005,41.3851,36.4099,32.1723,28.4905,25.2316,22.3018,19.6762,17.3007,15.1507,13.1969,11.4256,9.8578,8.54514,7.46526,6.5544,5.76777,5.07815,4.46772,3.92998,3.45945,3.04805,2.68697,2.36891,2.08894,1.84201,1.62413,1.43184,1.2622,1.11236,0.980121,0.863519,0.760705,0.670257,0.590433,0.520123,0.458164,0.403562,0.355455,0.313071,0.27569,0.242736,0.213672,0.188046,0.165468,0.145592,0.128105,0.112746,0.0992516,0.0873802,0.0769393,0.06775,0.0596569,0.0525284,0.0462518,0.0407277,0.30249
1980,244.273,152.451,148.025,130.249,114.225,117.208,128.67,183.495,117.142,109.584,68.1778,56.9532,52.4396,47.1779,41.6683,36.7352,33.788,29.7297,26.2725,23.2681,20.6083,18.2167,16.073,14.1333,12.3774,10.7817,9.33479,8.05408,6.98173,6.09951,5.35534,4.71265,4.14924,3.65052,3.21117,2.82672,2.49059,2.19556,1.93568,1.70691,1.50515,1.32712,1.17,1.03138,0.908944,0.800887,0.705609,0.621597,0.547689,0.482463,0.42501,0.374381,0.329764,0.290455,0.255822,0.225276,0.198348,0.174599,0.153659,0.13521,0.118969,0.104679,0.0921291,0.081102,0.0714015,0.0628699,0.0553609,0.0487478,0.0429229,0.037794,0.280456
1981,290.91,215.594,130.967,123.731,105.608,92.273,95.0782,104.77,149.75,95.7066,89.5788,55.7471,46.5789,42.8961,38.5997,34.0986,30.0672,27.6596,24.341,21.5132,19.0552,16.8786,14.921,13.1661,11.5778,10.1399,8.83294,7.64781,6.59871,5.72024,4.9975,4.38784,3.86132,3.39974,2.99114,2.63117,2.31618,2.04077,1.79904,1.58609,1.39865,1.23333,1.08745,0.958707,0.845127,0.744801,0.656258,0.578187,0.509347,0.448786,0.395338,0.348261,0.306775,0.270215,0.238004,0.209625,0.184596,0.16253,0.14307,0.125911,0.110793,0.0974853,0.0857764,0.0754924,0.0664566,0.0585078,0.0515168,0.0453638,0.0399449,0.0351718,0.26078
1982,306.404,256.765,188.554,112.17,103.118,87.5677,76.6097,79.0065,87.0233,124.234,79.2866,74.1144,46.0748,38.4662,35.4033,31.8429,28.1202,24.7892,22.7998,20.0612,17.7285,15.7014,13.9068,12.2931,10.8467,9.53774,8.35284,7.27595,6.29952,5.43521,4.71151,4.11611,3.61395,3.18029,2.8001,2.46356,2.16708,1.90765,1.68081,1.48171,1.30633,1.15195,1.01579,0.895637,0.789603,0.696056,0.613426,0.540502,0.476201,0.419503,0.369625,0.325605,0.286831,0.252663,0.222552,0.196022,0.172649,0.152035,0.133862,0.117834,0.103702,0.0912506,0.0802898,0.0706463,0.0621763,0.0547343,0.0481876,0.0424297,0.0373621,0.032899,0.243749
1983,665.069,270.436,222.987,158.167,89.7592,81.6996,69.5175,60.938,62.8673,69.2014,98.7001,62.9412,58.8039,36.5459,30.507,28.0775,25.2551,22.3043,19.6641,18.0877,15.9165,14.0668,12.4593,11.0359,9.75577,8.6082,7.56965,6.62942,5.77483,4.99991,4.31395,3.73957,3.26706,2.86854,2.52435,2.22261,1.9555,1.72017,1.51425,1.3342,1.17617,1.03695,0.914409,0.806327,0.710954,0.626785,0.552529,0.486938,0.429051,0.378009,0.333003,0.293409,0.258466,0.227688,0.200565,0.176663,0.155604,0.13705,0.120686,0.10626,0.0935372,0.0823189,0.0724352,0.0637345,0.0560794,0.0493558,0.0434484,0.0382516,0.033681,0.0296582,0.219605
1984,872.325,587.012,237.514,192.989,134.108,75.7079,68.8361,58.4758,51.1323,52.6091,57.7691,82.2336,52.3632,48.8684,30.3474,25.3185,23.2926,20.9448,18.4934,16.3015,14.9926,13.1915,11.6576,10.3246,9.14452,8.08337,7.13221,6.27148,5.4923,4.78414,4.14204,3.57367,3.09784,2.70641,2.37627,2.09114,1.84118,1.6199,1.42496,1.25438,1.10523,0.974314,0.858992,0.757479,0.667946,0.588941,0.519216,0.457704,0.40337,0.355417,0.313135,0.275853,0.243054,0.214108,0.188612,0.166144,0.146344,0.128899,0.113529,0.0999738,0.0880236,0.0774843,0.0681913,0.0600038,0.0527963,0.046455,0.0408854,0.0359917,0.0316868,0.0279006,0.206484
1985,317.353,769.939,514.127,201.716,156.896,108.143,61.3021,56.009,47.7383,41.8228,43.074,47.3246,67.388,42.9198,40.0624,24.8825,20.7619,19.1027,17.1789,15.1695,13.3725,12.2995,10.8225,9.56438,8.47104,7.50303,6.63251,5.85217,5.14599,4.50669,3.92564,3.39878,2.93243,2.542,2.22082,1.94992,1.71597,1.51085,1.32928,1.16932,1.02934,0.906948,0.799522,0.70489,0.621589,0.548119,0.483287,0.426071,0.375594,0.331007,0.291657,0.256961,0.226366,0.199452,0.175698,0.154776,0.136339,0.120091,0.105775,0.0931628,0.0820392,0.0722328,0.0635841,0.0559582,0.0492395,0.043325,0.0381213,0.0335508,0.0295351,0.0260024,0.192338
1986,234.299,280.104,673.937,436.039,163.175,125.569,86.8012,49.3954,45.2445,38.6113,33.8431,34.8604,38.3013,54.5393,34.7368,32.4251,20.1398,16.8054,15.4631,13.9064,12.2803,10.8259,9.9576,8.76202,7.74358,6.85849,6.0748,5.37003,4.73824,4.16648,3.64886,3.1784,2.75185,2.37429,2.05819,1.79814,1.57881,1.38939,1.22332,1.0763,0.946785,0.833447,0.734349,0.647368,0.570745,0.503297,0.443809,0.391315,0.344988,0.304117,0.268016,0.236154,0.20806,0.183288,0.161496,0.142263,0.125322,0.110393,0.0972371,0.0856459,0.0754337,0.066427,0.0584867,0.0514839,0.0453093,0.0398692,0.0350802,0.0308667,0.027166,0.0239145,0.17679
1987,276.494,206.796,243.583,551.708,328.147,120.991,93.8755,65.4948,37.4964,34.4534,29.4436,25.8221,26.6043,29.2332,41.6295,26.5161,24.7531,15.3757,12.8308,11.8067,10.6187,9.37748,8.26721,7.60433,6.69147,5.91382,5.23795,4.63948,4.10125,3.61875,3.18208,2.78675,2.42748,2.10172,1.81338,1.57196,1.37336,1.20585,1.06117,0.934336,0.822054,0.723133,0.636569,0.560881,0.494447,0.435925,0.38441,0.338974,0.29888,0.263496,0.23228,0.204706,0.180371,0.158913,0.139993,0.123348,0.108658,0.095719,0.0843167,0.0742683,0.0654151,0.0576152,0.050736,0.0446713,0.0393227,0.0346066,0.0304515,0.0267938,0.0235756,0.020749,0.153295
1988,526.746,244.017,172.58,194.534,415.982,244.378,90.8905,71.361,50.3603,29.1213,26.9822,23.2172,20.4756,21.1918,23.3721,33.3837,21.3164,19.9394,12.4062,10.367,9.55039,8.59751,7.59848,6.7032,6.16909,5.431,4.80167,4.25427,3.76923,3.33273,2.94122,2.58675,2.26564,1.97374,1.70901,1.47464,1.27839,1.11693,0.98073,0.863093,0.759951,0.66864,0.58819,0.517788,0.456228,0.402195,0.354594,0.312693,0.275735,0.243122,0.214341,0.188948,0.166519,0.146724,0.129269,0.113878,0.100339,0.088389,0.0778636,0.0685884,0.0604144,0.0532127,0.0468678,0.0412718,0.0363385,0.0319876,0.0281512,0.0247712,0.0217958,0.0191779,0.141579
1989,513.084,464.903,209.676,144.083,156.691,333.167,196.875,73.7355,58.2451,41.3055,23.9777,22.2848,19.2227,16.9867,17.6095,19.4471,27.8076,17.7718,16.636,10.3571,8.65912,7.98033,7.18659,6.35334,5.60612,5.16047,4.54383,4.01789,3.56028,3.15469,2.78961,2.46209,2.16547,1.89674,1.65242,1.43083,1.23464,1.07035,0.935183,0.821159,0.72267,0.636315,0.559864,0.492505,0.433559,0.382015,0.336772,0.296915,0.26183,0.230884,0.203577,0.179477,0.158215,0.139434,0.122859,0.108243,0.0953558,0.0840183,0.0740125,0.0651991,0.0574325,0.050588,0.0445577,0.0392448,0.034559,0.0304281,0.0267848,0.0235724,0.0207422,0.0182507,0.13461
1990,301.706,452.857,405.214,175.357,113.836,122.341,260.569,154.162,57.6787,45.455,32.1523,18.6227,17.2781,14.8853,13.1423,13.6158,15.0303,21.4855,13.7285,12.8492,7.99862,6.68669,6.1621,5.5489,4.9053,4.32821,3.984,3.50782,3.10169,2.74835,2.43518,2.1533,1.9005,1.67154,1.46411,1.27552,1.10448,0.953035,0.82622,0.721881,0.633865,0.557841,0.491182,0.432168,0.380173,0.334671,0.294884,0.25996,0.229194,0.202111,0.178224,0.157145,0.138542,0.122129,0.107632,0.0948368,0.083555,0.0736069,0.0648553,0.0571316,0.0503284,0.0443332,0.0390498,0.0343949,0.0302938,0.0266767,0.023488,0.0206757,0.018196,0.0160113,0.117996
1991,290.679,266.29,394.281,340.738,140.129,89.7215,96.273,204.68,120.711,44.9994,35.3481,24.9411,14.4208,13.3644,11.5054,10.1538,10.5171,11.6082,16.5927,10.6019,9.92283,6.17704,5.16396,4.75889,4.28537,3.78835,3.34267,3.07683,2.70907,2.3954,2.12249,1.88061,1.66296,1.46775,1.29094,1.13075,0.985113,0.853018,0.73606,0.63812,0.557538,0.489561,0.430846,0.379363,0.333785,0.293627,0.258484,0.227754,0.200781,0.177019,0.156102,0.137652,0.121372,0.107003,0.0943272,0.08313,0.0732478,0.0645342,0.0568508,0.0500915,0.044126,0.0388715,0.0342411,0.0301604,0.0265652,0.0233976,0.020604,0.0181411,0.015969,0.0140538,0.103501
1992,295.204,256.557,231.413,332.899,275.73,111.722,71.0092,75.5011,158.852,92.7589,34.2935,26.7673,18.799,10.8336,10.0166,8.60917,7.58894,7.85386,8.66329,12.3776,7.90586,7.39744,4.60395,3.84817,3.54577,3.19253,2.82193,2.48969,2.29147,2.0174,1.78367,1.58034,1.40024,1.23818,1.09282,0.961179,0.841909,0.733471,0.635118,0.548036,0.475114,0.415116,0.364504,0.320787,0.282456,0.24852,0.21862,0.192455,0.169575,0.149492,0.1318,0.116226,0.102489,0.0903673,0.0796695,0.0702314,0.0618945,0.0545367,0.048049,0.0423283,0.0372956,0.032854,0.0289418,0.0254942,0.022456,0.0197791,0.0174207,0.0153407,0.013507,0.0118897,0.0875257
1993,296.089,260.549,222.184,195.625,271.936,222.362,89.4268,56.2971,59.2153,123.316,71.3886,26.2157,20.3599,14.2468,8.18859,7.55654,6.48563,5.71109,5.9058,6.51051,9.29742,5.93625,5.55279,3.45501,2.88722,2.65985,2.39449,2.11623,1.86684,1.71801,1.51237,1.33702,1.18458,1.04957,0.928079,0.819123,0.720443,0.63104,0.549759,0.476039,0.410767,0.356109,0.311138,0.273203,0.240435,0.211705,0.18627,0.163859,0.144247,0.127099,0.112046,0.0987856,0.0871125,0.0768168,0.0677314,0.0597132,0.0526392,0.0463906,0.0408759,0.0360133,0.0317256,0.0279535,0.0246245,0.0216922,0.0191082,0.016831,0.0148247,0.013057,0.011498,0.0101236,0.074513
1994,272.705,261.331,226.238,189.756,163.156,224.337,181.882,72.3629,45.0286,46.8578,96.72,55.6103,20.3182,15.7217,10.9719,6.29408,5.80001,4.97277,4.37539,4.52177,4.98236,7.11238,4.53971,4.24536,2.64094,2.20652,2.03242,1.8294,1.6166,1.42592,1.3121,1.15494,1.02101,0.904585,0.801473,0.708695,0.625488,0.550131,0.481861,0.419792,0.363498,0.313656,0.271919,0.23758,0.208613,0.183592,0.161654,0.142232,0.125119,0.110144,0.0970495,0.0855557,0.0754303,0.066517,0.0586554,0.051718,0.0455955,0.040194,0.0354227,0.0312118,0.0274988,0.0242248,0.0213446,0.0188026,0.0165636,0.0145905,0.0128517,0.0113197,0.00997001,0.0087796,0.0646264
1995,187.66,240.687,224.733,189.197,152.441,128.838,175.093,139.944,54.8408,33.663,34.6503,70.9477,40.5616,14.7627,11.3933,7.93733,4.54792,4.18757,3.58832,3.15603,3.26071,3.59209,5.12693,3.272,3.05952,1.90307,1.58989,1.46433,1.31795,1.16456,1.02712,0.945074,0.831882,0.735425,0.651572,0.577306,0.510481,0.450549,0.39627,0.347095,0.302387,0.261838,0.225936,0.195872,0.171136,0.150271,0.132247,0.116445,0.102454,0.0901279,0.0793408,0.0699083,0.0616289,0.0543352,0.0479147,0.0422517,0.0372545,0.0328442,0.0289533,0.0255163,0.0224831,0.0198085,0.0174501,0.0153753,0.0135442,0.0119314,0.0105101,0.00925758,0.00815404,0.00718178,0.0528771
1996,223.945,165.629,207.721,189.685,154.731,123.255,103.697,140.201,111.438,43.4555,26.5743,27.284,55.7776,31.8613,11.5915,8.9447,6.23168,3.57102,3.28856,2.81841,2.47925,2.56183,2.82254,4.02898,2.57152,2.40469,1.49584,1.24973,1.15107,1.03604,0.915471,0.807442,0.742969,0.654003,0.578186,0.512273,0.453892,0.401359,0.354243,0.31157,0.272908,0.237757,0.205876,0.177648,0.15401,0.134562,0.118155,0.103984,0.0915592,0.0805588,0.0708667,0.062385,0.0549684,0.0484584,0.0427234,0.037675,0.0332223,0.029293,0.0258252,0.0227658,0.0200634,0.0176783,0.0155753,0.0137209,0.0120895,0.0106498,0.00938161,0.00826406,0.0072792,0.00641149,0.0472241
1997,220.085,197.653,142.749,172.231,149.449,120.699,96.5128,81.5408,110.535,87.9818,34.3377,21.0125,21.5875,44.1606,25.2413,9.18843,7.09416,4.94477,2.83473,2.61143,2.23876,1.96986,2.03591,2.24349,3.20291,2.04453,1.91209,1.18953,0.993885,0.915479,0.824026,0.728163,0.642263,0.590999,0.520245,0.459945,0.407519,0.361082,0.319295,0.281815,0.247869,0.217113,0.18915,0.163788,0.141331,0.122526,0.107054,0.0940016,0.0827277,0.0728426,0.064091,0.0563803,0.0496324,0.0437319,0.0385527,0.0339901,0.0299737,0.0264311,0.023305,0.0205461,0.0181121,0.0159621,0.0140646,0.0123915,0.0109162,0.00961827,0.00847281,0.00746387,0.00657477,0.00579123,0.0426717
1998,191.486,194.255,174.079,125.323,150.419,129.924,104.276,82.7308,69.3374,93.3263,73.8627,28.7042,17.5108,17.9503,36.6625,20.9319,7.61349,5.87465,4.09289,2.34556,2.16021,1.85154,1.62886,1.68324,1.85465,2.64751,1.68985,1.58027,0.983029,0.821301,0.756468,0.680865,0.601651,0.530671,0.48831,0.429848,0.380024,0.336706,0.298337,0.263811,0.232844,0.204796,0.179385,0.156281,0.135325,0.116771,0.101234,0.0884501,0.0776661,0.0683513,0.060184,0.0529533,0.0465825,0.0410073,0.0361322,0.031853,0.0280833,0.0247648,0.0218379,0.0192551,0.0169756,0.0149646,0.0131882,0.0116205,0.0102381,0.00901914,0.0079468,0.0070004,0.0061668,0.0054322,0.040041
1999,1175.98,169.011,170.065,150.08,105.794,126.17,108.67,86.8901,68.6289,57.272,76.8136,60.6324,23.5185,14.329,14.6761,29.958,17.0976,6.2173,4.79651,3.34135,1.9147,1.7633,1.51127,1.32946,1.3738,1.51366,2.1607,1.3791,1.28964,0.802221,0.670225,0.617306,0.555614,0.490974,0.433053,0.398487,0.350779,0.310121,0.274772,0.243461,0.215286,0.190015,0.167127,0.146389,0.127535,0.110434,0.0952928,0.0826134,0.0721811,0.0633807,0.0557792,0.0491142,0.0432134,0.0380144,0.0334647,0.0294863,0.0259942,0.0229178,0.0202098,0.0178212,0.0157134,0.0138532,0.0122121,0.0107625,0.00948307,0.00835496,0.00736022,0.00648512,0.0057128,0.00503252,0.0371092
2000,595.527,1037.93,146.387,141.517,118.531,82.9923,99.9018,86.9796,70.1735,55.8009,46.7979,62.9953,49.8613,19.381,11.8273,12.1293,24.7843,14.1563,5.15112,3.97609,2.77104,1.58847,1.46329,1.25446,1.10378,1.14079,1.25711,1.7947,1.14562,1.0714,0.66652,0.556891,0.51294,0.461694,0.407992,0.359869,0.33115,0.291509,0.257724,0.22835,0.202331,0.178917,0.157916,0.138895,0.121661,0.105992,0.0917803,0.0791968,0.0686592,0.0599891,0.0526752,0.0463578,0.0408185,0.0359145,0.0315936,0.0278124,0.0245059,0.0216037,0.0190469,0.0167963,0.0148112,0.0130594,0.0115134,0.0101495,0.00894467,0.00788137,0.0069438,0.00611707,0.00538977,0.0047479,0.0350239
2001,208.507,525.631,909.997,125.08,116.289,96.6567,68.043,82.519,72.3358,58.6842,46.8688,39.4404,53.2316,42.2205,16.4379,10.0443,10.3115,21.0876,12.0531,4.38823,3.38878,2.36262,1.35477,1.24833,1.07041,0.942007,0.973746,1.07317,1.53228,0.978202,0.914907,0.569205,0.475602,0.438083,0.394327,0.34847,0.307374,0.282849,0.248993,0.220138,0.19505,0.172827,0.152828,0.13489,0.118643,0.103923,0.0905385,0.0783988,0.0676501,0.0586489,0.051243,0.0449955,0.0395991,0.0348675,0.0306785,0.0269876,0.0237576,0.0209332,0.0184541,0.0162701,0.0143476,0.0126519,0.0111555,0.00983488,0.00866979,0.00764064,0.00673235,0.00593147,0.00522527,0.00460401,0.0339735
2002,227.48,184.036,462.071,789.766,106.419,98.5188,82.0958,58.0071,70.5935,62.063,50.4685,40.3823,34.0321,45.9858,36.5076,14.2243,8.6969,8.93256,18.2749,10.4488,3.80518,2.93917,2.04953,1.17542,1.08321,0.928921,0.817567,0.845178,0.931539,1.33013,0.84919,0.794276,0.494167,0.412913,0.380346,0.342362,0.302551,0.266873,0.245582,0.216189,0.191136,0.169354,0.150059,0.132695,0.117121,0.103014,0.0902331,0.0786122,0.0680717,0.0587389,0.0509235,0.0444931,0.0390686,0.0343831,0.0302747,0.0266375,0.0234328,0.0206282,0.0181759,0.0160233,0.014127,0.0124577,0.0109854,0.00968609,0.00853944,0.00752781,0.00663422,0.00584557,0.00515018,0.004537,0.0334961
2003,180.278,200.78,161.242,398.651,663.691,88.5567,82.4147,69.3869,49.5141,60.7258,53.6869,43.8285,35.1655,29.6929,40.1781,31.929,12.4497,7.61622,7.82602,16.0165,9.16006,3.33658,2.57768,1.79772,1.03113,0.950344,0.815051,0.717402,0.74168,0.817515,1.16738,0.74532,0.697135,0.433736,0.362423,0.333841,0.300504,0.265562,0.234247,0.21556,0.18976,0.167771,0.148652,0.131716,0.116475,0.102804,0.0904223,0.0792035,0.0690031,0.0597511,0.0515591,0.044699,0.0390547,0.0342932,0.0301804,0.0265742,0.0233815,0.0205686,0.0181068,0.0159542,0.0140648,0.0124003,0.010935,0.00964261,0.00850216,0.00749566,0.00660768,0.00582332,0.00513107,0.00452067,0.0333844
2004,221.834,159.115,173.931,136.733,327.581,539.935,72.6858,68.6564,58.6151,42.2842,52.2663,46.4621,38.0762,30.6329,25.9158,35.1168,27.9363,10.9015,6.67319,6.8603,14.0455,8.03525,2.9276,2.26219,1.57797,0.905216,0.834399,0.71569,0.630005,0.65138,0.718035,1.02539,0.654685,0.612371,0.381005,0.318365,0.293261,0.263979,0.233286,0.205778,0.189363,0.1667,0.147383,0.130588,0.11571,0.102322,0.0903124,0.0794349,0.0695794,0.0606186,0.0524908,0.0452942,0.0392677,0.0343092,0.0301263,0.0265133,0.0233453,0.0205405,0.0180693,0.0159067,0.0140157,0.0123558,0.0108935,0.00960633,0.00847098,0.00746909,0.00658489,0.00580481,0.00511575,0.00450761,0.0332994
2005,189.101,195.795,138.489,147.507,112.003,266.605,444.157,60.6923,58.0971,50.107,36.4103,45.2354,40.3557,33.1554,26.7226,22.6378,30.7054,24.4454,9.54481,5.84538,6.01147,12.3112,7.04481,2.56725,1.98407,1.38416,0.794134,0.732084,0.627988,0.552847,0.571645,0.630181,0.899955,0.574606,0.537477,0.334411,0.279436,0.257404,0.231703,0.204764,0.180621,0.166213,0.146321,0.129366,0.114624,0.101566,0.0898137,0.0792726,0.0697249,0.0610742,0.0532087,0.0460745,0.0397576,0.0344678,0.0301154,0.0264438,0.0232724,0.0204917,0.0180298,0.0158606,0.0139624,0.0123025,0.0108455,0.00956199,0.00843211,0.00743554,0.00655612,0.00578,0.00509527,0.00449043,0.0331857
2006,145.435,166.905,170.592,115.909,116.67,87.6304,211.884,360.871,50.2898,48.8643,42.5964,31.185,38.9472,34.875,28.7293,23.2006,19.683,26.7274,21.2966,8.32099,5.09864,5.24579,10.747,6.1515,2.24226,1.73327,1.20941,0.69398,0.639841,0.548926,0.483296,0.499776,0.550972,0.78686,0.502409,0.469954,0.292404,0.244337,0.225075,0.202605,0.17905,0.15794,0.145342,0.127948,0.113123,0.100232,0.0888134,0.0785371,0.0693197,0.0609708,0.0534062,0.0465284,0.0402899,0.0347661,0.0301404,0.0263345,0.0231239,0.0203506,0.017919,0.0157662,0.0138694,0.0122095,0.010758,0.0094839,0.00836152,0.00737349,0.00650204,0.00573302,0.00505434,0.00445558,0.032946
2007,426.127,128.365,146.316,148.005,98.7785,98.67,74.3475,181.051,310.514,43.5103,42.4451,37.1037,27.2166,34.0376,30.5087,25.1504,20.3212,17.2471,23.4269,18.6713,7.29663,4.47166,4.60129,9.42757,5.39676,1.9673,1.52082,1.06123,0.60898,0.561496,0.481731,0.424149,0.438617,0.483553,0.690582,0.440939,0.412457,0.256631,0.214446,0.197541,0.177819,0.157147,0.138619,0.127562,0.112297,0.0992849,0.0879713,0.0779493,0.0689301,0.0608402,0.0535126,0.0468734,0.0408368,0.0353615,0.0305134,0.0264536,0.0231132,0.0202953,0.0178613,0.0157271,0.0138376,0.0121729,0.010716,0.00944203,0.00832381,0.00733872,0.00647155,0.00570669,0.00503175,0.00443608,0.0328266
2008,479.56,376.111,112.237,125.226,122.374,80.7454,81.2617,62.0596,153.057,265.107,37.4126,36.6789,32.1751,23.6595,29.6413,26.6024,21.9512,17.7492,15.0726,20.4823,16.3301,6.3835,3.91295,4.02715,8.25253,4.72475,1.72253,1.33173,0.929362,0.533351,0.491797,0.421959,0.37153,0.38421,0.423578,0.604937,0.386258,0.361311,0.22481,0.187856,0.173048,0.155773,0.137664,0.121433,0.111748,0.0983748,0.0869763,0.0770654,0.0682859,0.0603849,0.0532979,0.0468787,0.0410626,0.0357744,0.0309778,0.0267308,0.0231742,0.0202479,0.0177794,0.0156471,0.0137775,0.0121222,0.0106638,0.00938755,0.00827154,0.00729194,0.00642897,0.0056693,0.00499926,0.00440798,0.0326434
2009,656.022,423.277,330.704,97.2883,105.858,102.512,67.9574,69.0217,53.1763,132.051,229.856,32.5507,31.9898,28.1098,20.6955,25.9512,23.3061,19.241,15.5638,13.2208,17.9701,14.33,5.60254,3.43469,3.53532,7.24534,4.14844,1.51252,1.16944,0.81615,0.468401,0.431926,0.370596,0.326309,0.33745,0.37203,0.531321,0.339256,0.317346,0.197455,0.164999,0.151993,0.13682,0.120914,0.106659,0.0981518,0.0864059,0.0763943,0.0676892,0.0599779,0.0530382,0.0468135,0.0411753,0.0360668,0.031422,0.027209,0.0234786,0.0203548,0.0177845,0.0156163,0.0137434,0.0121013,0.0106474,0.00936645,0.00824544,0.00726521,0.00640479,0.00564681,0.00497956,0.00439104,0.0325436
2010,706.833,579.028,372.027,286.895,82.5493,89.1271,86.686,57.9418,59.3124,45.9763,114.676,200.23,28.4166,27.9696,24.6041,18.1289,22.7463,20.4371,16.8782,13.6563,11.6029,15.7738,12.5804,4.91908,3.01599,3.10461,6.36308,3.64351,1.3285,1.02721,0.716915,0.411464,0.379428,0.325556,0.286654,0.296443,0.326823,0.466761,0.298034,0.278788,0.173464,0.144952,0.133526,0.120197,0.106224,0.0937004,0.0862272,0.0759084,0.0671132,0.0594657,0.0526913,0.0465947,0.0411262,0.036173,0.0316851,0.0276046,0.0239034,0.0206263,0.0178819,0.0156239,0.0137191,0.0120738,0.0106311,0.0093539,0.00822855,0.00724373,0.00638258,0.00562669,0.00496079,0.00437461,0.0324476
2011,443.906,623.876,508.785,321.265,240.716,68.6326,74.5468,73.2781,49.4698,51.0327,39.7788,99.6051,174.39,24.7971,24.4408,21.5217,15.8697,19.9229,17.9082,14.7948,11.9739,10.1757,13.8361,11.0366,4.31597,2.64649,2.7245,5.58446,3.19789,1.16608,0.901674,0.629333,0.361204,0.333086,0.285797,0.251648,0.260244,0.286916,0.409769,0.261645,0.24475,0.152286,0.127255,0.117225,0.105523,0.0932558,0.0822613,0.0757005,0.0666415,0.05892,0.0522062,0.0462588,0.0409065,0.0361056,0.0317571,0.0278171,0.0242347,0.0209854,0.0181083,0.015699,0.0137166,0.0120443,0.0105999,0.00933331,0.008212,0.00722404,0.00635944,0.00560342,0.0049398,0.0043552,0.0323271
2012,537.195,391.804,545.628,430.061,258.157,191.226,55.2327,61.1585,61.1716,41.8494,43.5846,34.2005,86.038,151.136,21.5417,21.2692,18.7532,13.8419,17.3905,15.6412,12.9281,10.4671,8.89804,12.102,9.65543,3.77655,2.31609,2.38469,4.88851,2.79965,1.02097,0.789528,0.551077,0.316297,0.29168,0.250274,0.220373,0.227903,0.251263,0.358853,0.229136,0.214341,0.133366,0.111445,0.102661,0.0924135,0.0816707,0.0720422,0.0662965,0.0583629,0.0516007,0.045721,0.0405124,0.035825,0.0316205,0.0278122,0.0243616,0.0212243,0.0183786,0.0158589,0.0137488,0.0120127,0.0105482,0.00928314,0.00817393,0.00719191,0.00632667,0.00556947,0.00490736,0.00432618,0.0321256
2013,454.079,474.133,339.174,454.134,339.05,201.27,151.465,44.7535,50.5763,51.382,35.5465,37.3108,29.4381,74.3449,130.96,18.7041,18.4956,16.3266,12.0616,15.1644,13.6467,11.2846,9.13984,7.77208,10.5733,8.4376,3.30083,2.02466,2.08491,4.27452,2.44829,0.892917,0.690531,0.481992,0.276652,0.255126,0.218913,0.192761,0.19935,0.219786,0.3139,0.200433,0.187493,0.116661,0.0974863,0.089803,0.0808389,0.0714418,0.0630193,0.0579933,0.0510534,0.0451382,0.0399948,0.0354386,0.0313383,0.0276604,0.024329,0.0213106,0.0185662,0.0160769,0.0138727,0.012027,0.0105083,0.00922716,0.00812055,0.00715025,0.00629121,0.00553434,0.00487197,0.00429278,0.0318867
2014,238.301,400.782,414.53,285.537,361.742,266.895,160.718,123.498,37.1794,42.621,43.7445,30.4801,32.1536,25.4593,64.4609,113.762,16.2706,16.1063,14.2292,10.5189,13.2316,11.9122,9.85371,7.98314,6.79008,9.23917,7.37422,2.88525,1.76998,1.82286,3.73763,2.14097,0.780861,0.603889,0.421526,0.24195,0.223128,0.191459,0.168589,0.174353,0.192227,0.274542,0.175304,0.163986,0.102035,0.0852647,0.0785448,0.0707046,0.0624856,0.0551191,0.0507233,0.0446534,0.0394797,0.0349812,0.0309961,0.0274098,0.0241929,0.0212792,0.0186392,0.0162388,0.0140615,0.0121337,0.0105193,0.00919101,0.00807048,0.00710259,0.00625393,0.00550258,0.00484058,0.00426124,0.0316442
2015,347.876,210.331,350.997,353.549,234.384,294.463,219.4,134.048,104.354,31.73,36.6335,37.7868,26.4209,27.9405,22.1627,56.1875,99.2574,14.2066,14.0712,12.4368,9.19716,11.5724,10.4209,8.62179,6.98623,5.94297,8.08747,6.45566,2.52608,1.54976,1.59618,3.27303,1.87489,0.683827,0.528855,0.369156,0.211893,0.19541,0.167677,0.147649,0.152697,0.168352,0.240445,0.153532,0.14362,0.0893633,0.0746756,0.0687903,0.0619239,0.0547257,0.048274,0.0444241,0.0391081,0.0345769,0.030637,0.0271469,0.0240059,0.0211886,0.0186367,0.0163245,0.0142222,0.0123153,0.0106269,0.00921298,0.00804963,0.00706826,0.00622056,0.00547729,0.00481925,0.00423946,0.0314465
2016,826.667,307.043,183.245,292.209,276.071,180.746,230.992,176.344,110.096,87.1273,26.8044,31.2019,32.3699,22.7259,24.1037,19.1607,48.6549,86.0562,12.3288,12.2204,10.8074,7.99601,10.065,9.06643,7.50318,6.08121,5.17412,7.04238,5.62226,2.20026,1.35003,1.3906,2.85161,1.63353,0.595814,0.460798,0.321656,0.184631,0.170271,0.146107,0.128656,0.133057,0.146699,0.209519,0.133786,0.125149,0.0778705,0.0650719,0.0599436,0.0539603,0.0476879,0.042066,0.0387112,0.0340788,0.0301304,0.0266972,0.0236559,0.0209188,0.0184638,0.0162401,0.0142252,0.0123933,0.0107316,0.00926032,0.00802823,0.00701449,0.00615931,0.00542063,0.00477294,0.00419951,0.0310969
2017,491.959,729.638,268.324,153.537,230.386,214.985,142.999,186.958,145.653,92.3502,73.895,22.9099,26.8133,27.9239,19.6587,20.8929,16.6335,42.2862,74.8584,10.732,10.6436,9.41716,6.96997,8.77611,7.90745,6.54544,5.30595,4.51522,6.14642,4.90758,1.92078,1.17866,1.21413,2.4898,1.42631,0.520241,0.402357,0.280865,0.161219,0.148682,0.127582,0.112345,0.116188,0.128101,0.182958,0.116826,0.109284,0.0679994,0.0568233,0.0523451,0.0471203,0.041643,0.0367338,0.0338043,0.0297591,0.0263112,0.0233131,0.0206573,0.0182672,0.0161234,0.0141815,0.0124221,0.0108224,0.00937133,0.00808653,0.00701061,0.00612537,0.00537859,0.00473354,0.00416794,0.0308225
2018,340.05,434.217,638.189,227.11,123.672,183.109,172.729,116.958,155.429,122.616,78.4448,63.1643,19.6695,23.0926,24.1032,16.9969,18.0861,14.4123,36.6659,64.9456,9.31508,9.24169,8.1792,6.0552,7.62586,6.87225,5.68939,4.61261,3.92564,5.34437,4.26756,1.67041,1.02506,1.05593,2.16542,1.2405,0.452476,0.349951,0.244286,0.140223,0.129319,0.110968,0.0977156,0.101059,0.111421,0.159136,0.101614,0.0950549,0.0591455,0.0494247,0.0455296,0.0409852,0.036221,0.031951,0.0294029,0.0258844,0.0228854,0.0202778,0.0179678,0.0158889,0.0140241,0.0123351,0.0108048,0.0094133,0.00815119,0.00703367,0.00609784,0.00532785,0.0046783,0.00411724,0.0304347
2019,380.284,300.137,379.424,541.095,184.239,99.1419,148.201,142.037,97.5831,131.132,104.276,67.0841,54.2281,16.9335,19.9202,20.8224,14.6993,15.6543,12.4825,31.7723,56.3002,8.0777,8.01618,7.09614,5.25435,6.61831,5.96506,4.93892,4.00457,3.40846,4.64064,3.70588,1.4506,0.890186,0.917011,1.88057,1.07733,0.392963,0.303926,0.212159,0.121782,0.112313,0.0963757,0.0848661,0.0877698,0.0967697,0.13821,0.0882528,0.0825561,0.0513685,0.0429259,0.039543,0.0355961,0.0314584,0.0277499,0.0255368,0.022481,0.0198763,0.0176115,0.0156053,0.0137997,0.0121802,0.0107132,0.00938409,0.00817559,0.00707943,0.00610885,0.00529606,0.00462732,0.00406318,0.0300089
2020,381.957,335.635,257.335,306.69,403.807,135.177,74.3491,114.775,113.225,79.5205,108.554,87.2786,56.5846,45.9916,14.4183,17.0104,17.8192,12.5999,13.4355,10.7239,27.3178,48.4378,6.95327,6.9033,6.1132,4.52792,5.70481,5.14288,4.25902,3.4539,2.94021,4.00368,3.19739,1.25161,0.7681,0.791269,1.62274,0.929647,0.3391,0.26227,0.183083,0.105093,0.0969226,0.0831695,0.0732375,0.0757436,0.0835107,0.119274,0.0761612,0.0712452,0.0443306,0.0370447,0.0341254,0.0307193,0.0271485,0.023948,0.0220382,0.0194011,0.0171532,0.0151987,0.0134673,0.0119091,0.0105115,0.00924551,0.00809846,0.00705553,0.00610954,0.00527193,0.0045705,0.00399337,0.0294042
2021,380.385,337.124,293.105,221.516,258.156,336.439,112.934,62.6113,97.4191,96.6983,68.2156,93.4125,75.2684,48.8733,39.7679,12.4772,14.7292,15.4366,10.919,11.6464,9.29791,23.6894,42.0103,6.03132,5.98857,5.30362,3.92856,4.94997,4.46264,3.69586,2.99733,2.55165,3.47462,2.7749,1.08624,0.666619,0.686732,1.40836,0.806836,0.294304,0.227625,0.158898,0.0912111,0.0841197,0.0721835,0.0635634,0.0657387,0.0724798,0.103519,0.0661012,0.0618345,0.0384751,0.0321516,0.0296179,0.0266617,0.0235626,0.0207848,0.0191273,0.0168384,0.0148875,0.0131912,0.0116885,0.0103361,0.00912306,0.00802431,0.00702877,0.00612359,0.00530256,0.00457558,0.0039668,0.0289862
2022,380.775,335.733,292.897,249.28,182.248,209.192,273.737,92.9763,52.1514,81.889,81.8201,57.9869,79.6624,64.3357,41.843,34.0882,10.7048,12.6454,13.2596,9.38296,10.0112,7.99458,20.3731,36.1357,5.18868,5.15255,4.56371,3.3808,4.26014,3.841,3.18123,2.58011,2.19651,2.99108,2.38877,0.935099,0.57387,0.591189,1.21243,0.694592,0.253363,0.19596,0.136794,0.0785232,0.0724185,0.0621427,0.0547218,0.0565945,0.062398,0.0891198,0.0569067,0.0532336,0.0331234,0.0276795,0.0254982,0.0229532,0.0202851,0.0178938,0.0164668,0.0144963,0.0128168,0.0113564,0.0100627,0.00889841,0.0078541,0.00690818,0.00605111,0.00527184,0.00456501,0.00393915,0.0283695
2023,381.355,336.078,291.688,249.103,205.09,147.682,170.205,225.362,77.4436,43.8376,69.2893,69.5514,49.4514,68.0916,55.0812,35.8669,29.2457,9.19028,10.862,11.3943,8.0656,8.60793,6.87542,17.5242,31.0871,4.46433,4.43372,3.92738,2.90965,3.6667,3.30616,2.73842,2.22102,1.89084,2.57486,2.05639,0.804995,0.494029,0.508942,1.04376,0.597966,0.218118,0.168701,0.117766,0.0676005,0.062345,0.0534987,0.0471101,0.0487223,0.0537187,0.0767236,0.0489912,0.0458291,0.0285161,0.0238294,0.0219515,0.0197605,0.0174636,0.0154049,0.0141764,0.01248,0.011034,0.00977677,0.00866302,0.0076607,0.00676164,0.0059473,0.00520944,0.00453856,0.00393005,0.0278147
2024,382.148,336.591,292.581,249.266,206.815,168.037,121.428,141.391,189.121,65.509,37.2951,59.1857,59.5768,42.4437,58.5258,47.3925,30.8843,25.1977,7.92182,9.36616,9.82788,6.9584,7.42766,5.93362,15.1256,26.8352,3.85408,3.82796,3.39104,2.51245,3.16633,2.85513,2.36488,1.91809,1.63296,2.22372,1.77597,0.695226,0.426666,0.439547,0.901446,0.516436,0.188379,0.1457,0.10171,0.058384,0.0538451,0.0462049,0.0406873,0.0420798,0.046395,0.0662636,0.0423121,0.0395811,0.0246284,0.0205807,0.0189589,0.0170665,0.0150828,0.0133047,0.0122437,0.0107786,0.00952975,0.0084439,0.00748199,0.00661631,0.00583982,0.0051365,0.00449924,0.00391982,0.027417
2025,382.752,337.291,293.07,250.114,207.084,169.583,138.268,100.936,118.717,160.048,55.7537,31.8678,50.7137,51.1492,36.4912,50.3698,40.8194,26.6163,21.7253,6.83254,8.08054,8.48079,6.00573,6.41172,5.12269,13.0599,23.1723,3.32828,3.30596,2.9288,2.17009,2.735,2.46624,2.0428,1.65687,1.41059,1.92092,1.53415,0.600565,0.368574,0.379703,0.778716,0.446126,0.162732,0.125864,0.0878629,0.0504356,0.0465147,0.0399147,0.0351483,0.0363512,0.040079,0.0572428,0.036552,0.0341927,0.0212756,0.017779,0.0163779,0.0147432,0.0130295,0.0114935,0.0105769,0.00931123,0.00823243,0.00729439,0.00646343,0.00571561,0.00504482,0.00443724,0.00388674,0.0270708
2026,383.159,337.824,293.717,250.609,207.908,169.923,139.633,114.999,84.7896,100.507,136.261,47.6548,27.3138,43.5512,43.9867,31.4133,43.3937,35.1863,22.9534,18.7421,5.89595,6.97443,7.32123,5.18537,5.5366,4.42398,11.2796,20.0151,2.87501,2.8559,2.53022,1.87486,2.36296,2.13078,1.76496,1.43154,1.21876,1.6597,1.32553,0.518901,0.318456,0.328073,0.672833,0.385467,0.140606,0.108751,0.0759166,0.0435782,0.0401904,0.0344878,0.0303694,0.0314089,0.0346298,0.04946,0.0315823,0.0295439,0.018383,0.0153617,0.0141512,0.0127387,0.011258,0.00993082,0.00913886,0.00804528,0.00711315,0.00630265,0.00558467,0.00493852,0.00435893,0.00383396,0.0267485
2027,383.411,338.183,294.22,251.238,208.439,170.718,140.006,116.201,96.6489,71.8121,85.5988,116.503,40.8562,23.4623,37.4619,37.8748,27.0689,37.4137,30.3507,19.8058,16.1764,5.08996,6.02211,6.3225,4.47856,4.78242,3.8217,9.74477,17.2928,2.48412,2.46774,2.18644,1.62014,2.04196,1.84135,1.52523,1.23711,1.05324,1.4343,1.14552,0.448434,0.275211,0.283522,0.581466,0.333123,0.121513,0.0939836,0.065608,0.0376608,0.0347331,0.0298048,0.0262457,0.027144,0.0299275,0.042744,0.0272939,0.0255322,0.0158869,0.0132758,0.0122296,0.011009,0.00972933,0.00858237,0.00789794,0.00695285,0.00614729,0.00544685,0.00482635,0.00426794,0.00376706,0.0264299
2028,383.554,338.406,294.57,251.744,209.082,171.273,140.754,116.577,97.7046,81.8888,61.1812,73.2093,99.9103,35.1042,20.1868,32.2643,32.6443,23.3438,32.2792,26.1944,17.0982,13.968,4.39588,5.20168,5.46183,3.86931,4.1322,3.30236,8.42109,14.9448,2.14693,2.13288,1.88978,1.40034,1.76495,1.59157,1.31834,1.06931,0.910382,1.23976,0.990156,0.387616,0.237886,0.245071,0.50261,0.287946,0.105034,0.0812381,0.0567107,0.0325535,0.0300228,0.0257629,0.0226865,0.0234629,0.025869,0.0369475,0.0235926,0.0220698,0.0137324,0.0114755,0.0105712,0.00951606,0.00840994,0.00741851,0.00682691,0.00600998,0.00531366,0.0047082,0.00417185,0.00368917,0.0261019
2029,383.625,338.532,294.802,252.12,209.623,171.921,141.306,117.267,98.0671,82.8162,69.7902,52.3419,62.8001,85.8668,30.2109,17.3901,27.815,28.1584,20.1447,27.8649,22.6183,14.7672,12.0659,3.7978,4.49452,4.71979,3.34392,3.5714,2.85437,7.27913,12.9188,1.85598,1.84386,1.63373,1.21062,1.52584,1.37596,1.13976,0.924462,0.787067,1.07184,0.856042,0.335115,0.205666,0.211878,0.434536,0.248947,0.0908084,0.0702353,0.0490299,0.0281446,0.0259566,0.0222737,0.0196139,0.0202852,0.0223655,0.0319435,0.0203973,0.0190808,0.0118726,0.00992131,0.00913947,0.00822725,0.00727094,0.00641379,0.0059023,0.00519602,0.00459401,0.00407055,0.00360684,0.0257564
2030,383.654,338.595,294.945,252.385,210.042,172.472,141.923,117.785,98.6883,83.1524,70.6018,59.7231,44.9107,53.9852,73.9136,26.031,14.995,23.9974,24.3041,17.3931,24.0652,19.5383,12.7585,10.4262,3.2821,3.88461,4.07966,2.89062,3.08747,2.46774,6.29349,11.1701,1.60477,1.59431,1.41263,1.04679,1.31937,1.18978,0.985543,0.799381,0.680579,0.926823,0.740226,0.289777,0.177842,0.183214,0.375749,0.215268,0.0785233,0.0607336,0.0423969,0.0243371,0.0224451,0.0192604,0.0169605,0.017541,0.0193398,0.0276221,0.0176379,0.0164995,0.0102664,0.00857913,0.00790307,0.00711426,0.00628731,0.00554612,0.00510383,0.00449309,0.00397252,0.00351988,0.0253909
2031,383.667,338.621,295.038,252.584,210.384,172.937,142.472,118.366,99.1709,83.7123,70.9128,60.4361,51.2583,38.6169,46.4816,63.7021,22.451,12.9399,20.7173,20.9889,15.0246,20.7926,16.8842,11.027,9.01226,2.8373,3.35845,3.52735,2.49945,2.66981,2.13403,5.44267,9.66013,1.38786,1.37884,1.22172,0.905331,1.14108,1.02901,0.852371,0.691367,0.588619,0.801593,0.64021,0.250624,0.153813,0.158459,0.324981,0.186183,0.0679141,0.0525279,0.0366687,0.0210489,0.0194126,0.0166582,0.014669,0.0151711,0.0167269,0.0238902,0.0152549,0.0142703,0.00887937,0.00742004,0.00683531,0.00615307,0.00543785,0.0047968,0.00441427,0.00388604,0.00343581,0.0250047
2032,383.678,338.632,295.098,252.74,210.67,173.339,142.951,118.891,99.7079,84.1551,71.4148,60.7209,51.8847,44.0865,33.2577,40.0695,54.9539,19.3783,11.1736,17.8953,18.1347,12.9842,17.9719,14.5959,9.53359,7.7925,2.4535,2.90437,3.05063,2.16178,2.30924,1.8459,4.70791,8.35612,1.20053,1.19273,1.05683,0.783149,0.987089,0.890143,0.737346,0.598071,0.50919,0.693426,0.55382,0.216805,0.133058,0.137078,0.28113,0.161061,0.0587502,0.0454401,0.0317209,0.0182087,0.0167932,0.0144105,0.0126897,0.013124,0.0144699,0.0206666,0.0131965,0.0123448,0.00768126,0.00641884,0.00591301,0.00532283,0.00470411,0.00414956,0.00381864,0.00336169,0.024603
